strain,subtype,host,Genbank,cell_line,titer(RLU per ul),fold_change_compared_to_noSA,protein_sequence
A/Albany/1/1959,H2,human,CY020541.1,293-SA23,1994.8,5.327991452991453,MAIIYLILLFTAVRGDQICIGYHANNSTEKVDTILERNVTVTHAKDILEKTHNGKLCKLNGIPPLELGDCSIAGWLLGNPECDRLLRVPEWSYIMEKENPRDGLCYPGSFNDYEELKHLLSSVKHFEKVKILPKDRWTQHTTTGGSRACAVSGNPSFFRNMIWLTKKGSNYPVAKGSYNNTSGEQMLIIWGVHHPNDETEQRTLYQNVGTYVSVVTSTLNKRSTPKIATRPKVNGLGGRMEFSWTLLDMWDTINFESTGNLIAPEYGFKISKRGSSGIMKTEGTLENCETKCQTPLGAINTTLPFHNVHPLTIGECPKYVKSEKLVLATGLRNVPQIESRGLFGAIAGFIEGGWQGMVDGWYGYHHSNDQGSGYAADKESTQRAFDGITNKVNSVIEKMNTQFEAVGKEFSNLERRLENLNKKMEDGLLDVWTYNAELLVLMENERILDFHDSNVKNLYDKVRMQLRDNVKELGNGCFEFYHKCDDECMNSVKNGTYDYPKYEEESKLNRNEIKGVKLSSMGVYQILAIYATVAGSLSLAIMMAGISFWMCSNGSLQCRICI
A/Albany/1/1959,H2,human,CY020541.1,293-SA26,12184.0,32.542735042735046,MAIIYLILLFTAVRGDQICIGYHANNSTEKVDTILERNVTVTHAKDILEKTHNGKLCKLNGIPPLELGDCSIAGWLLGNPECDRLLRVPEWSYIMEKENPRDGLCYPGSFNDYEELKHLLSSVKHFEKVKILPKDRWTQHTTTGGSRACAVSGNPSFFRNMIWLTKKGSNYPVAKGSYNNTSGEQMLIIWGVHHPNDETEQRTLYQNVGTYVSVVTSTLNKRSTPKIATRPKVNGLGGRMEFSWTLLDMWDTINFESTGNLIAPEYGFKISKRGSSGIMKTEGTLENCETKCQTPLGAINTTLPFHNVHPLTIGECPKYVKSEKLVLATGLRNVPQIESRGLFGAIAGFIEGGWQGMVDGWYGYHHSNDQGSGYAADKESTQRAFDGITNKVNSVIEKMNTQFEAVGKEFSNLERRLENLNKKMEDGLLDVWTYNAELLVLMENERILDFHDSNVKNLYDKVRMQLRDNVKELGNGCFEFYHKCDDECMNSVKNGTYDYPKYEEESKLNRNEIKGVKLSSMGVYQILAIYATVAGSLSLAIMMAGISFWMCSNGSLQCRICI
A/Albany/1/1959,H2,human,CY020541.1,293-noSA-human-MHCII-0301,21394.0,57.14209401709402,MAIIYLILLFTAVRGDQICIGYHANNSTEKVDTILERNVTVTHAKDILEKTHNGKLCKLNGIPPLELGDCSIAGWLLGNPECDRLLRVPEWSYIMEKENPRDGLCYPGSFNDYEELKHLLSSVKHFEKVKILPKDRWTQHTTTGGSRACAVSGNPSFFRNMIWLTKKGSNYPVAKGSYNNTSGEQMLIIWGVHHPNDETEQRTLYQNVGTYVSVVTSTLNKRSTPKIATRPKVNGLGGRMEFSWTLLDMWDTINFESTGNLIAPEYGFKISKRGSSGIMKTEGTLENCETKCQTPLGAINTTLPFHNVHPLTIGECPKYVKSEKLVLATGLRNVPQIESRGLFGAIAGFIEGGWQGMVDGWYGYHHSNDQGSGYAADKESTQRAFDGITNKVNSVIEKMNTQFEAVGKEFSNLERRLENLNKKMEDGLLDVWTYNAELLVLMENERILDFHDSNVKNLYDKVRMQLRDNVKELGNGCFEFYHKCDDECMNSVKNGTYDYPKYEEESKLNRNEIKGVKLSSMGVYQILAIYATVAGSLSLAIMMAGISFWMCSNGSLQCRICI
A/Albany/1/1959,H2,human,CY020541.1,293-noSA-human-MHCII-1503,43730.0,116.80021367521368,MAIIYLILLFTAVRGDQICIGYHANNSTEKVDTILERNVTVTHAKDILEKTHNGKLCKLNGIPPLELGDCSIAGWLLGNPECDRLLRVPEWSYIMEKENPRDGLCYPGSFNDYEELKHLLSSVKHFEKVKILPKDRWTQHTTTGGSRACAVSGNPSFFRNMIWLTKKGSNYPVAKGSYNNTSGEQMLIIWGVHHPNDETEQRTLYQNVGTYVSVVTSTLNKRSTPKIATRPKVNGLGGRMEFSWTLLDMWDTINFESTGNLIAPEYGFKISKRGSSGIMKTEGTLENCETKCQTPLGAINTTLPFHNVHPLTIGECPKYVKSEKLVLATGLRNVPQIESRGLFGAIAGFIEGGWQGMVDGWYGYHHSNDQGSGYAADKESTQRAFDGITNKVNSVIEKMNTQFEAVGKEFSNLERRLENLNKKMEDGLLDVWTYNAELLVLMENERILDFHDSNVKNLYDKVRMQLRDNVKELGNGCFEFYHKCDDECMNSVKNGTYDYPKYEEESKLNRNEIKGVKLSSMGVYQILAIYATVAGSLSLAIMMAGISFWMCSNGSLQCRICI
A/Albany/1/1959,H2,human,CY020541.1,293-noSA-tufted-duck-MHCII,21920.0,58.54700854700855,MAIIYLILLFTAVRGDQICIGYHANNSTEKVDTILERNVTVTHAKDILEKTHNGKLCKLNGIPPLELGDCSIAGWLLGNPECDRLLRVPEWSYIMEKENPRDGLCYPGSFNDYEELKHLLSSVKHFEKVKILPKDRWTQHTTTGGSRACAVSGNPSFFRNMIWLTKKGSNYPVAKGSYNNTSGEQMLIIWGVHHPNDETEQRTLYQNVGTYVSVVTSTLNKRSTPKIATRPKVNGLGGRMEFSWTLLDMWDTINFESTGNLIAPEYGFKISKRGSSGIMKTEGTLENCETKCQTPLGAINTTLPFHNVHPLTIGECPKYVKSEKLVLATGLRNVPQIESRGLFGAIAGFIEGGWQGMVDGWYGYHHSNDQGSGYAADKESTQRAFDGITNKVNSVIEKMNTQFEAVGKEFSNLERRLENLNKKMEDGLLDVWTYNAELLVLMENERILDFHDSNVKNLYDKVRMQLRDNVKELGNGCFEFYHKCDDECMNSVKNGTYDYPKYEEESKLNRNEIKGVKLSSMGVYQILAIYATVAGSLSLAIMMAGISFWMCSNGSLQCRICI
A/Albany/5/1958,H2,human,CY021013.1,293-SA23,28570.0,106.66417771140563,MAIIYLILLFTAVRGDQICIGYHANNSTEKVDTILERNVTVTHAKDILEKTHNGKLCKLNGIPPLELGDCSIAGWLLGNPECDRLLSVPEWSYIMEKENPRDGLCYPGSFNDYEELKHFLSSVKHFEKVKILPKDRWTQHTTTGGSRACAVSGNPSFFRNMVWLTKKGSNYPVAKGSYNNTSGEQMLIIWGVHHPNDETEQRTLYQNVGTYVSVGTSTLNKRSTPDIATRPKVNGLGGRMEFSWTLLDMWDTINFESTGNLIAPEYGFKISKRGSSGIMKTEGTLGNCETKCQTPLGAINTTLPFHNVHPLTIGECPKYVKSEKLVLATGLRNVPQIESRGLFGAIAGFIEGGWQGMVDGWYGYHHSNDQGSGYAADKESTQKAFDGITNKVNSVIEKMNTQFEAVGKEFSNLERRLENLNKKMEDGFLDVWTYNAELLVLMENERTLDFHDSNVKNLYDKVRMQLRDNAKELGNGCFEFYHKCDDECMNSVKNGTYYYPKYEEESKLNRNEIKGVKLSSMGVYQILAIYATVAGSLSLAIMMAGISFWMCSNGSLQCRICI
A/Albany/5/1958,H2,human,CY021013.1,293-SA26,138970.0,518.8351689378383,MAIIYLILLFTAVRGDQICIGYHANNSTEKVDTILERNVTVTHAKDILEKTHNGKLCKLNGIPPLELGDCSIAGWLLGNPECDRLLSVPEWSYIMEKENPRDGLCYPGSFNDYEELKHFLSSVKHFEKVKILPKDRWTQHTTTGGSRACAVSGNPSFFRNMVWLTKKGSNYPVAKGSYNNTSGEQMLIIWGVHHPNDETEQRTLYQNVGTYVSVGTSTLNKRSTPDIATRPKVNGLGGRMEFSWTLLDMWDTINFESTGNLIAPEYGFKISKRGSSGIMKTEGTLGNCETKCQTPLGAINTTLPFHNVHPLTIGECPKYVKSEKLVLATGLRNVPQIESRGLFGAIAGFIEGGWQGMVDGWYGYHHSNDQGSGYAADKESTQKAFDGITNKVNSVIEKMNTQFEAVGKEFSNLERRLENLNKKMEDGFLDVWTYNAELLVLMENERTLDFHDSNVKNLYDKVRMQLRDNAKELGNGCFEFYHKCDDECMNSVKNGTYYYPKYEEESKLNRNEIKGVKLSSMGVYQILAIYATVAGSLSLAIMMAGISFWMCSNGSLQCRICI
A/Albany/5/1958,H2,human,CY021013.1,293-noSA-human-MHCII-0301,2307000.0,8613.029680791487,MAIIYLILLFTAVRGDQICIGYHANNSTEKVDTILERNVTVTHAKDILEKTHNGKLCKLNGIPPLELGDCSIAGWLLGNPECDRLLSVPEWSYIMEKENPRDGLCYPGSFNDYEELKHFLSSVKHFEKVKILPKDRWTQHTTTGGSRACAVSGNPSFFRNMVWLTKKGSNYPVAKGSYNNTSGEQMLIIWGVHHPNDETEQRTLYQNVGTYVSVGTSTLNKRSTPDIATRPKVNGLGGRMEFSWTLLDMWDTINFESTGNLIAPEYGFKISKRGSSGIMKTEGTLGNCETKCQTPLGAINTTLPFHNVHPLTIGECPKYVKSEKLVLATGLRNVPQIESRGLFGAIAGFIEGGWQGMVDGWYGYHHSNDQGSGYAADKESTQKAFDGITNKVNSVIEKMNTQFEAVGKEFSNLERRLENLNKKMEDGFLDVWTYNAELLVLMENERTLDFHDSNVKNLYDKVRMQLRDNAKELGNGCFEFYHKCDDECMNSVKNGTYYYPKYEEESKLNRNEIKGVKLSSMGVYQILAIYATVAGSLSLAIMMAGISFWMCSNGSLQCRICI
A/Albany/5/1958,H2,human,CY021013.1,293-noSA-human-MHCII-1503,3454000.0,12895.277207392195,MAIIYLILLFTAVRGDQICIGYHANNSTEKVDTILERNVTVTHAKDILEKTHNGKLCKLNGIPPLELGDCSIAGWLLGNPECDRLLSVPEWSYIMEKENPRDGLCYPGSFNDYEELKHFLSSVKHFEKVKILPKDRWTQHTTTGGSRACAVSGNPSFFRNMVWLTKKGSNYPVAKGSYNNTSGEQMLIIWGVHHPNDETEQRTLYQNVGTYVSVGTSTLNKRSTPDIATRPKVNGLGGRMEFSWTLLDMWDTINFESTGNLIAPEYGFKISKRGSSGIMKTEGTLGNCETKCQTPLGAINTTLPFHNVHPLTIGECPKYVKSEKLVLATGLRNVPQIESRGLFGAIAGFIEGGWQGMVDGWYGYHHSNDQGSGYAADKESTQKAFDGITNKVNSVIEKMNTQFEAVGKEFSNLERRLENLNKKMEDGFLDVWTYNAELLVLMENERTLDFHDSNVKNLYDKVRMQLRDNAKELGNGCFEFYHKCDDECMNSVKNGTYYYPKYEEESKLNRNEIKGVKLSSMGVYQILAIYATVAGSLSLAIMMAGISFWMCSNGSLQCRICI
A/Albany/5/1958,H2,human,CY021013.1,293-noSA-tufted-duck-MHCII,5230000.0,19525.85402277394,MAIIYLILLFTAVRGDQICIGYHANNSTEKVDTILERNVTVTHAKDILEKTHNGKLCKLNGIPPLELGDCSIAGWLLGNPECDRLLSVPEWSYIMEKENPRDGLCYPGSFNDYEELKHFLSSVKHFEKVKILPKDRWTQHTTTGGSRACAVSGNPSFFRNMVWLTKKGSNYPVAKGSYNNTSGEQMLIIWGVHHPNDETEQRTLYQNVGTYVSVGTSTLNKRSTPDIATRPKVNGLGGRMEFSWTLLDMWDTINFESTGNLIAPEYGFKISKRGSSGIMKTEGTLGNCETKCQTPLGAINTTLPFHNVHPLTIGECPKYVKSEKLVLATGLRNVPQIESRGLFGAIAGFIEGGWQGMVDGWYGYHHSNDQGSGYAADKESTQKAFDGITNKVNSVIEKMNTQFEAVGKEFSNLERRLENLNKKMEDGFLDVWTYNAELLVLMENERTLDFHDSNVKNLYDKVRMQLRDNAKELGNGCFEFYHKCDDECMNSVKNGTYYYPKYEEESKLNRNEIKGVKLSSMGVYQILAIYATVAGSLSLAIMMAGISFWMCSNGSLQCRICI
A/England/980/2009,H1,human,CY070311.1,293-SA23,231.87,1.0716860787576261,MKAILVVLLYTFATANADTLCIGYHANNSTDTVDTVLEKNVTVTHSVNLLEDKHNGKLCKLRGVAPLHLGKCNIAGWILGNPECESLSTASSWSYIVETSSSDNGTCYPGDFIDYEELREQLSSVSSFERFEIFPKTSSWPNHDSNKGVTAACPHAGAKSFYKNLIWLVKKGNSYPKLSKSYINDKGKEVLVLWGIHHPSTSADQQSLYQNADAYVFVGTSRYSKKFKPEIAIRPKVRDQEGRMNYYWTLVEPGDKITFEATGNLVVPRYAFAMERNAGSGIIISDTPVHDCNTTCQTPKGAINTSLPFQNIHPITIGKCPKYVKSTKLRLATGLRNVPSIQSRGLFGAIAGFIEGGWTGMVDGWYGYHHQNEQGSGYAADLKSTQNAIDEITNKVNSVIEKMNTQFTAVGKEFNHLEKRIENLNKKVDDGFLDIWTYNAELLVLLENERTLDYHDSNVKNLYEKVRSQLKNNAKEIGNGCFEFYHKCDNTCMESVKNGTYDYPKYSEEAKLNREEIDGVKLESTRIYQILAIYSTVASSLVLVVSLGAISFWMCSNGSLQCRICI
A/England/980/2009,H1,human,CY070311.1,293-SA26,60950.0,281.70641523386945,MKAILVVLLYTFATANADTLCIGYHANNSTDTVDTVLEKNVTVTHSVNLLEDKHNGKLCKLRGVAPLHLGKCNIAGWILGNPECESLSTASSWSYIVETSSSDNGTCYPGDFIDYEELREQLSSVSSFERFEIFPKTSSWPNHDSNKGVTAACPHAGAKSFYKNLIWLVKKGNSYPKLSKSYINDKGKEVLVLWGIHHPSTSADQQSLYQNADAYVFVGTSRYSKKFKPEIAIRPKVRDQEGRMNYYWTLVEPGDKITFEATGNLVVPRYAFAMERNAGSGIIISDTPVHDCNTTCQTPKGAINTSLPFQNIHPITIGKCPKYVKSTKLRLATGLRNVPSIQSRGLFGAIAGFIEGGWTGMVDGWYGYHHQNEQGSGYAADLKSTQNAIDEITNKVNSVIEKMNTQFTAVGKEFNHLEKRIENLNKKVDDGFLDIWTYNAELLVLLENERTLDYHDSNVKNLYEKVRSQLKNNAKEIGNGCFEFYHKCDNTCMESVKNGTYDYPKYSEEAKLNREEIDGVKLESTRIYQILAIYSTVASSLVLVVSLGAISFWMCSNGSLQCRICI
A/England/980/2009,H1,human,CY070311.1,293-noSA-human-MHCII-0301,744.0,3.438713255684969,MKAILVVLLYTFATANADTLCIGYHANNSTDTVDTVLEKNVTVTHSVNLLEDKHNGKLCKLRGVAPLHLGKCNIAGWILGNPECESLSTASSWSYIVETSSSDNGTCYPGDFIDYEELREQLSSVSSFERFEIFPKTSSWPNHDSNKGVTAACPHAGAKSFYKNLIWLVKKGNSYPKLSKSYINDKGKEVLVLWGIHHPSTSADQQSLYQNADAYVFVGTSRYSKKFKPEIAIRPKVRDQEGRMNYYWTLVEPGDKITFEATGNLVVPRYAFAMERNAGSGIIISDTPVHDCNTTCQTPKGAINTSLPFQNIHPITIGKCPKYVKSTKLRLATGLRNVPSIQSRGLFGAIAGFIEGGWTGMVDGWYGYHHQNEQGSGYAADLKSTQNAIDEITNKVNSVIEKMNTQFTAVGKEFNHLEKRIENLNKKVDDGFLDIWTYNAELLVLLENERTLDYHDSNVKNLYEKVRSQLKNNAKEIGNGCFEFYHKCDNTCMESVKNGTYDYPKYSEEAKLNREEIDGVKLESTRIYQILAIYSTVASSLVLVVSLGAISFWMCSNGSLQCRICI
A/England/980/2009,H1,human,CY070311.1,293-noSA-human-MHCII-1503,254.4,1.1758180809761507,MKAILVVLLYTFATANADTLCIGYHANNSTDTVDTVLEKNVTVTHSVNLLEDKHNGKLCKLRGVAPLHLGKCNIAGWILGNPECESLSTASSWSYIVETSSSDNGTCYPGDFIDYEELREQLSSVSSFERFEIFPKTSSWPNHDSNKGVTAACPHAGAKSFYKNLIWLVKKGNSYPKLSKSYINDKGKEVLVLWGIHHPSTSADQQSLYQNADAYVFVGTSRYSKKFKPEIAIRPKVRDQEGRMNYYWTLVEPGDKITFEATGNLVVPRYAFAMERNAGSGIIISDTPVHDCNTTCQTPKGAINTSLPFQNIHPITIGKCPKYVKSTKLRLATGLRNVPSIQSRGLFGAIAGFIEGGWTGMVDGWYGYHHQNEQGSGYAADLKSTQNAIDEITNKVNSVIEKMNTQFTAVGKEFNHLEKRIENLNKKVDDGFLDIWTYNAELLVLLENERTLDYHDSNVKNLYEKVRSQLKNNAKEIGNGCFEFYHKCDNTCMESVKNGTYDYPKYSEEAKLNREEIDGVKLESTRIYQILAIYSTVASSLVLVVSLGAISFWMCSNGSLQCRICI
A/England/980/2009,H1,human,CY070311.1,293-noSA-tufted-duck-MHCII,225.89999999999998,1.0440931780366054,MKAILVVLLYTFATANADTLCIGYHANNSTDTVDTVLEKNVTVTHSVNLLEDKHNGKLCKLRGVAPLHLGKCNIAGWILGNPECESLSTASSWSYIVETSSSDNGTCYPGDFIDYEELREQLSSVSSFERFEIFPKTSSWPNHDSNKGVTAACPHAGAKSFYKNLIWLVKKGNSYPKLSKSYINDKGKEVLVLWGIHHPSTSADQQSLYQNADAYVFVGTSRYSKKFKPEIAIRPKVRDQEGRMNYYWTLVEPGDKITFEATGNLVVPRYAFAMERNAGSGIIISDTPVHDCNTTCQTPKGAINTSLPFQNIHPITIGKCPKYVKSTKLRLATGLRNVPSIQSRGLFGAIAGFIEGGWTGMVDGWYGYHHQNEQGSGYAADLKSTQNAIDEITNKVNSVIEKMNTQFTAVGKEFNHLEKRIENLNKKVDDGFLDIWTYNAELLVLLENERTLDYHDSNVKNLYEKVRSQLKNNAKEIGNGCFEFYHKCDNTCMESVKNGTYDYPKYSEEAKLNREEIDGVKLESTRIYQILAIYSTVASSLVLVVSLGAISFWMCSNGSLQCRICI
A/Hong Kong/1-4-MA21-1/1968,H3,human,CY080515.1,293-SA23,335000.0,7.001044932079415,MKTIIALSYIFCLALGQDLPGNDNRTATLCLGHHAVPNGTLVKTITDDQIEVTNATELVQSSSTGKICNNPHRILDGIDCTLIDALLGDPHCDVFQNETWDLFVERSKAFSNCYPYDVPDYASLRSLVASSGTLEFITEGFTWTGVTQNGGSNACKRGPGSGFFSRLNWLTKSGSTYPVLNVTMPNNDNFDKLYIWGVHHPSTNQEQTSLYVQASGRVTVSTRRSQQTIIPNIGSRPWVRGLSSRISIYWTIVKPGDVLVINSNGNLIAPRGYFKMRTGKSSIMRSDAPIDTCISECITPNGSIPNDKPFQNVNKITYGACPKYVKQNTLKLATGMRNVPEKQTRGLFGAIAGFIENGWEGMIDGWYGFRHQNSEGTGQAADLKSTQATIDQINGKLNRVIEKTNEKFHQIEKEFSEVEGRIQDLEKYVEDTKIDLWSYNAELLVALENQHTIDLTDSEMNKLFEKTRRQLRENAEDMGNGCFKIYHKCDNACIESIRNGTYDHDVYRDEALNNRFQIKGVELKSGYKDWILWISFAISCFLLCVVLLGFIMWACQRGNIRCNICI
A/Hong Kong/1-4-MA21-1/1968,H3,human,CY080515.1,293-SA26,1043900.0,21.816091954022987,MKTIIALSYIFCLALGQDLPGNDNRTATLCLGHHAVPNGTLVKTITDDQIEVTNATELVQSSSTGKICNNPHRILDGIDCTLIDALLGDPHCDVFQNETWDLFVERSKAFSNCYPYDVPDYASLRSLVASSGTLEFITEGFTWTGVTQNGGSNACKRGPGSGFFSRLNWLTKSGSTYPVLNVTMPNNDNFDKLYIWGVHHPSTNQEQTSLYVQASGRVTVSTRRSQQTIIPNIGSRPWVRGLSSRISIYWTIVKPGDVLVINSNGNLIAPRGYFKMRTGKSSIMRSDAPIDTCISECITPNGSIPNDKPFQNVNKITYGACPKYVKQNTLKLATGMRNVPEKQTRGLFGAIAGFIENGWEGMIDGWYGFRHQNSEGTGQAADLKSTQATIDQINGKLNRVIEKTNEKFHQIEKEFSEVEGRIQDLEKYVEDTKIDLWSYNAELLVALENQHTIDLTDSEMNKLFEKTRRQLRENAEDMGNGCFKIYHKCDNACIESIRNGTYDHDVYRDEALNNRFQIKGVELKSGYKDWILWISFAISCFLLCVVLLGFIMWACQRGNIRCNICI
A/Hong Kong/1-4-MA21-1/1968,H3,human,CY080515.1,293-noSA-human-MHCII-0301,554000.0,11.577847439916406,MKTIIALSYIFCLALGQDLPGNDNRTATLCLGHHAVPNGTLVKTITDDQIEVTNATELVQSSSTGKICNNPHRILDGIDCTLIDALLGDPHCDVFQNETWDLFVERSKAFSNCYPYDVPDYASLRSLVASSGTLEFITEGFTWTGVTQNGGSNACKRGPGSGFFSRLNWLTKSGSTYPVLNVTMPNNDNFDKLYIWGVHHPSTNQEQTSLYVQASGRVTVSTRRSQQTIIPNIGSRPWVRGLSSRISIYWTIVKPGDVLVINSNGNLIAPRGYFKMRTGKSSIMRSDAPIDTCISECITPNGSIPNDKPFQNVNKITYGACPKYVKQNTLKLATGMRNVPEKQTRGLFGAIAGFIENGWEGMIDGWYGFRHQNSEGTGQAADLKSTQATIDQINGKLNRVIEKTNEKFHQIEKEFSEVEGRIQDLEKYVEDTKIDLWSYNAELLVALENQHTIDLTDSEMNKLFEKTRRQLRENAEDMGNGCFKIYHKCDNACIESIRNGTYDHDVYRDEALNNRFQIKGVELKSGYKDWILWISFAISCFLLCVVLLGFIMWACQRGNIRCNICI
A/Hong Kong/1-4-MA21-1/1968,H3,human,CY080515.1,293-noSA-human-MHCII-1503,24650.0,0.5151515151515151,MKTIIALSYIFCLALGQDLPGNDNRTATLCLGHHAVPNGTLVKTITDDQIEVTNATELVQSSSTGKICNNPHRILDGIDCTLIDALLGDPHCDVFQNETWDLFVERSKAFSNCYPYDVPDYASLRSLVASSGTLEFITEGFTWTGVTQNGGSNACKRGPGSGFFSRLNWLTKSGSTYPVLNVTMPNNDNFDKLYIWGVHHPSTNQEQTSLYVQASGRVTVSTRRSQQTIIPNIGSRPWVRGLSSRISIYWTIVKPGDVLVINSNGNLIAPRGYFKMRTGKSSIMRSDAPIDTCISECITPNGSIPNDKPFQNVNKITYGACPKYVKQNTLKLATGMRNVPEKQTRGLFGAIAGFIENGWEGMIDGWYGFRHQNSEGTGQAADLKSTQATIDQINGKLNRVIEKTNEKFHQIEKEFSEVEGRIQDLEKYVEDTKIDLWSYNAELLVALENQHTIDLTDSEMNKLFEKTRRQLRENAEDMGNGCFKIYHKCDNACIESIRNGTYDHDVYRDEALNNRFQIKGVELKSGYKDWILWISFAISCFLLCVVLLGFIMWACQRGNIRCNICI
A/Hong Kong/1-4-MA21-1/1968,H3,human,CY080515.1,293-noSA-tufted-duck-MHCII,30360.0,0.6344827586206897,MKTIIALSYIFCLALGQDLPGNDNRTATLCLGHHAVPNGTLVKTITDDQIEVTNATELVQSSSTGKICNNPHRILDGIDCTLIDALLGDPHCDVFQNETWDLFVERSKAFSNCYPYDVPDYASLRSLVASSGTLEFITEGFTWTGVTQNGGSNACKRGPGSGFFSRLNWLTKSGSTYPVLNVTMPNNDNFDKLYIWGVHHPSTNQEQTSLYVQASGRVTVSTRRSQQTIIPNIGSRPWVRGLSSRISIYWTIVKPGDVLVINSNGNLIAPRGYFKMRTGKSSIMRSDAPIDTCISECITPNGSIPNDKPFQNVNKITYGACPKYVKQNTLKLATGMRNVPEKQTRGLFGAIAGFIENGWEGMIDGWYGFRHQNSEGTGQAADLKSTQATIDQINGKLNRVIEKTNEKFHQIEKEFSEVEGRIQDLEKYVEDTKIDLWSYNAELLVALENQHTIDLTDSEMNKLFEKTRRQLRENAEDMGNGCFKIYHKCDNACIESIRNGTYDHDVYRDEALNNRFQIKGVELKSGYKDWILWISFAISCFLLCVVLLGFIMWACQRGNIRCNICI
A/Hong Kong/EPI1231/2025,H3,human,PX599020.1,293-SA23,30410.0,3.9663492891613408,MKAIIALSNILCLVFAQKIPGNDNSTATLCLGHHAVPNGTIVKTITNDRIEVTNATELVQNSSIGKICNSPHQILDGGNCKLIDALLGDPQCDGFQNKEWDLFVERSRANSSCYPYDVPDYASLRSLVASSGTLEFKDENFNWTGVKQNGTSSACKRGSSSSFFSRLNWLTSLNNIYPAQNVTMPNKEQFDKLYIWGVHHPDTDKNQFSLFAQSSGRITVSTKRSQQAVIPNIGSRPRVRDIPSRISIYWTIVKPGDILLINSTGNLIAPRGYFKIRSGKSSIMRSDAPIGECKSECITPNGSIPNDKPFQNVNRITYGACPRYVKQSTLKLATGMRNVPEKQTRGIFGAIAGFIENGWEGMMDGWYGFRHQNSEGRGQAADLKSTQAAIDQISGKLNRLIGKTNEKFHQIEKEFSEVEGRVQDLEKYVEDTKIDLWSYNAELLVALENQHTIDLTDSEMNKLFEKTKKQLRENAEDMGNGCFKIYHKCDNACIGSIRNETYDHNVYRDEALNNRFQIKGVELKSGYKDWILWISFAMSCFLLCIALLGFIMWACQKGNIRCNICI
A/Hong Kong/EPI1231/2025,H3,human,PX599020.1,293-SA26,10369000.0,1352.4194600234773,MKAIIALSNILCLVFAQKIPGNDNSTATLCLGHHAVPNGTIVKTITNDRIEVTNATELVQNSSIGKICNSPHQILDGGNCKLIDALLGDPQCDGFQNKEWDLFVERSRANSSCYPYDVPDYASLRSLVASSGTLEFKDENFNWTGVKQNGTSSACKRGSSSSFFSRLNWLTSLNNIYPAQNVTMPNKEQFDKLYIWGVHHPDTDKNQFSLFAQSSGRITVSTKRSQQAVIPNIGSRPRVRDIPSRISIYWTIVKPGDILLINSTGNLIAPRGYFKIRSGKSSIMRSDAPIGECKSECITPNGSIPNDKPFQNVNRITYGACPRYVKQSTLKLATGMRNVPEKQTRGIFGAIAGFIENGWEGMMDGWYGFRHQNSEGRGQAADLKSTQAAIDQISGKLNRLIGKTNEKFHQIEKEFSEVEGRVQDLEKYVEDTKIDLWSYNAELLVALENQHTIDLTDSEMNKLFEKTKKQLRENAEDMGNGCFKIYHKCDNACIGSIRNETYDHNVYRDEALNNRFQIKGVELKSGYKDWILWISFAMSCFLLCIALLGFIMWACQKGNIRCNICI
A/Hong Kong/EPI1231/2025,H3,human,PX599020.1,293-noSA-human-MHCII-0301,354100.0,46.18494848050085,MKAIIALSNILCLVFAQKIPGNDNSTATLCLGHHAVPNGTIVKTITNDRIEVTNATELVQNSSIGKICNSPHQILDGGNCKLIDALLGDPQCDGFQNKEWDLFVERSRANSSCYPYDVPDYASLRSLVASSGTLEFKDENFNWTGVKQNGTSSACKRGSSSSFFSRLNWLTSLNNIYPAQNVTMPNKEQFDKLYIWGVHHPDTDKNQFSLFAQSSGRITVSTKRSQQAVIPNIGSRPRVRDIPSRISIYWTIVKPGDILLINSTGNLIAPRGYFKIRSGKSSIMRSDAPIGECKSECITPNGSIPNDKPFQNVNRITYGACPRYVKQSTLKLATGMRNVPEKQTRGIFGAIAGFIENGWEGMMDGWYGFRHQNSEGRGQAADLKSTQAAIDQISGKLNRLIGKTNEKFHQIEKEFSEVEGRVQDLEKYVEDTKIDLWSYNAELLVALENQHTIDLTDSEMNKLFEKTKKQLRENAEDMGNGCFKIYHKCDNACIGSIRNETYDHNVYRDEALNNRFQIKGVELKSGYKDWILWISFAMSCFLLCIALLGFIMWACQKGNIRCNICI
A/Hong Kong/EPI1231/2025,H3,human,PX599020.1,293-noSA-human-MHCII-1503,6878.0,0.8970914308073562,MKAIIALSNILCLVFAQKIPGNDNSTATLCLGHHAVPNGTIVKTITNDRIEVTNATELVQNSSIGKICNSPHQILDGGNCKLIDALLGDPQCDGFQNKEWDLFVERSRANSSCYPYDVPDYASLRSLVASSGTLEFKDENFNWTGVKQNGTSSACKRGSSSSFFSRLNWLTSLNNIYPAQNVTMPNKEQFDKLYIWGVHHPDTDKNQFSLFAQSSGRITVSTKRSQQAVIPNIGSRPRVRDIPSRISIYWTIVKPGDILLINSTGNLIAPRGYFKIRSGKSSIMRSDAPIGECKSECITPNGSIPNDKPFQNVNRITYGACPRYVKQSTLKLATGMRNVPEKQTRGIFGAIAGFIENGWEGMMDGWYGFRHQNSEGRGQAADLKSTQAAIDQISGKLNRLIGKTNEKFHQIEKEFSEVEGRVQDLEKYVEDTKIDLWSYNAELLVALENQHTIDLTDSEMNKLFEKTKKQLRENAEDMGNGCFKIYHKCDNACIGSIRNETYDHNVYRDEALNNRFQIKGVELKSGYKDWILWISFAMSCFLLCIALLGFIMWACQKGNIRCNICI
A/Hong Kong/EPI1231/2025,H3,human,PX599020.1,293-noSA-tufted-duck-MHCII,4750.0,0.6195382809443067,MKAIIALSNILCLVFAQKIPGNDNSTATLCLGHHAVPNGTIVKTITNDRIEVTNATELVQNSSIGKICNSPHQILDGGNCKLIDALLGDPQCDGFQNKEWDLFVERSRANSSCYPYDVPDYASLRSLVASSGTLEFKDENFNWTGVKQNGTSSACKRGSSSSFFSRLNWLTSLNNIYPAQNVTMPNKEQFDKLYIWGVHHPDTDKNQFSLFAQSSGRITVSTKRSQQAVIPNIGSRPRVRDIPSRISIYWTIVKPGDILLINSTGNLIAPRGYFKIRSGKSSIMRSDAPIGECKSECITPNGSIPNDKPFQNVNRITYGACPRYVKQSTLKLATGMRNVPEKQTRGIFGAIAGFIENGWEGMMDGWYGFRHQNSEGRGQAADLKSTQAAIDQISGKLNRLIGKTNEKFHQIEKEFSEVEGRVQDLEKYVEDTKIDLWSYNAELLVALENQHTIDLTDSEMNKLFEKTKKQLRENAEDMGNGCFKIYHKCDNACIGSIRNETYDHNVYRDEALNNRFQIKGVELKSGYKDWILWISFAMSCFLLCIALLGFIMWACQKGNIRCNICI
A/Japan/305/1957,H2,human,CY014976.1,293-SA23,17616.0,49.889549702633815,MAIIYLILLFTAVRGDQICIGYHANNSTEKVDTILERNVTVTHAKDILEKTHNGKLCKLNGIPPLELGDCSIAGWLLGNPECDRLLSVPEWSYIMEKENPRDGLCYPGSFNDYEELKHLLSSVKHFEKVKILPKDRWTQHTTTGGSRACAVSGNPSFFRNMVWLTKKGSNYPVAKGSYNNTSGEQMLIIWGVHHPNDETEQRTLYQNVGTYVSVGTSTLNKRSTPEIATRPKVNGLGGRMEFSWTLLDMWDTINFESTGNLIAPEYGFKISKRGSSGIMKTEGTLENCETKCQTPLGAINTTLPFHNVHPLTIGECPKYVKSEKLVLATGLRNVPQIESRGLFGAIAGFIEGGWQGMVDGWYGYHHSNDQGSGYAADKESTQKAFDGITNKVNSVIEKMNTQFEAVGKEFSNLERRLENLNKKMEDGFLDVWTYNAELLVLMENERTLDFHDSNVKNLYDKVRMQLRDNVKELGNGCFEFYHKCDDECMNSVKNGTYDYPKYEEESKLNRNEIKGVKLSSMGVYQILAIYATVAGSLSLAIMMAGISFWMCSNGSLQCRICI
A/Japan/305/1957,H2,human,CY014976.1,293-SA26,40010.0,113.31067686207872,MAIIYLILLFTAVRGDQICIGYHANNSTEKVDTILERNVTVTHAKDILEKTHNGKLCKLNGIPPLELGDCSIAGWLLGNPECDRLLSVPEWSYIMEKENPRDGLCYPGSFNDYEELKHLLSSVKHFEKVKILPKDRWTQHTTTGGSRACAVSGNPSFFRNMVWLTKKGSNYPVAKGSYNNTSGEQMLIIWGVHHPNDETEQRTLYQNVGTYVSVGTSTLNKRSTPEIATRPKVNGLGGRMEFSWTLLDMWDTINFESTGNLIAPEYGFKISKRGSSGIMKTEGTLENCETKCQTPLGAINTTLPFHNVHPLTIGECPKYVKSEKLVLATGLRNVPQIESRGLFGAIAGFIEGGWQGMVDGWYGYHHSNDQGSGYAADKESTQKAFDGITNKVNSVIEKMNTQFEAVGKEFSNLERRLENLNKKMEDGFLDVWTYNAELLVLMENERTLDFHDSNVKNLYDKVRMQLRDNVKELGNGCFEFYHKCDDECMNSVKNGTYDYPKYEEESKLNRNEIKGVKLSSMGVYQILAIYATVAGSLSLAIMMAGISFWMCSNGSLQCRICI
A/Japan/305/1957,H2,human,CY014976.1,293-noSA-human-MHCII-0301,837400.0,2371.566128575474,MAIIYLILLFTAVRGDQICIGYHANNSTEKVDTILERNVTVTHAKDILEKTHNGKLCKLNGIPPLELGDCSIAGWLLGNPECDRLLSVPEWSYIMEKENPRDGLCYPGSFNDYEELKHLLSSVKHFEKVKILPKDRWTQHTTTGGSRACAVSGNPSFFRNMVWLTKKGSNYPVAKGSYNNTSGEQMLIIWGVHHPNDETEQRTLYQNVGTYVSVGTSTLNKRSTPEIATRPKVNGLGGRMEFSWTLLDMWDTINFESTGNLIAPEYGFKISKRGSSGIMKTEGTLENCETKCQTPLGAINTTLPFHNVHPLTIGECPKYVKSEKLVLATGLRNVPQIESRGLFGAIAGFIEGGWQGMVDGWYGYHHSNDQGSGYAADKESTQKAFDGITNKVNSVIEKMNTQFEAVGKEFSNLERRLENLNKKMEDGFLDVWTYNAELLVLMENERTLDFHDSNVKNLYDKVRMQLRDNVKELGNGCFEFYHKCDDECMNSVKNGTYDYPKYEEESKLNRNEIKGVKLSSMGVYQILAIYATVAGSLSLAIMMAGISFWMCSNGSLQCRICI
A/Japan/305/1957,H2,human,CY014976.1,293-noSA-human-MHCII-1503,1867900.0,5290.002832058906,MAIIYLILLFTAVRGDQICIGYHANNSTEKVDTILERNVTVTHAKDILEKTHNGKLCKLNGIPPLELGDCSIAGWLLGNPECDRLLSVPEWSYIMEKENPRDGLCYPGSFNDYEELKHLLSSVKHFEKVKILPKDRWTQHTTTGGSRACAVSGNPSFFRNMVWLTKKGSNYPVAKGSYNNTSGEQMLIIWGVHHPNDETEQRTLYQNVGTYVSVGTSTLNKRSTPEIATRPKVNGLGGRMEFSWTLLDMWDTINFESTGNLIAPEYGFKISKRGSSGIMKTEGTLENCETKCQTPLGAINTTLPFHNVHPLTIGECPKYVKSEKLVLATGLRNVPQIESRGLFGAIAGFIEGGWQGMVDGWYGYHHSNDQGSGYAADKESTQKAFDGITNKVNSVIEKMNTQFEAVGKEFSNLERRLENLNKKMEDGFLDVWTYNAELLVLMENERTLDFHDSNVKNLYDKVRMQLRDNVKELGNGCFEFYHKCDDECMNSVKNGTYDYPKYEEESKLNRNEIKGVKLSSMGVYQILAIYATVAGSLSLAIMMAGISFWMCSNGSLQCRICI
A/Japan/305/1957,H2,human,CY014976.1,293-noSA-tufted-duck-MHCII,2108500.0,5971.396205041065,MAIIYLILLFTAVRGDQICIGYHANNSTEKVDTILERNVTVTHAKDILEKTHNGKLCKLNGIPPLELGDCSIAGWLLGNPECDRLLSVPEWSYIMEKENPRDGLCYPGSFNDYEELKHLLSSVKHFEKVKILPKDRWTQHTTTGGSRACAVSGNPSFFRNMVWLTKKGSNYPVAKGSYNNTSGEQMLIIWGVHHPNDETEQRTLYQNVGTYVSVGTSTLNKRSTPEIATRPKVNGLGGRMEFSWTLLDMWDTINFESTGNLIAPEYGFKISKRGSSGIMKTEGTLENCETKCQTPLGAINTTLPFHNVHPLTIGECPKYVKSEKLVLATGLRNVPQIESRGLFGAIAGFIEGGWQGMVDGWYGYHHSNDQGSGYAADKESTQKAFDGITNKVNSVIEKMNTQFEAVGKEFSNLERRLENLNKKMEDGFLDVWTYNAELLVLMENERTLDFHDSNVKNLYDKVRMQLRDNVKELGNGCFEFYHKCDDECMNSVKNGTYDYPKYEEESKLNRNEIKGVKLSSMGVYQILAIYATVAGSLSLAIMMAGISFWMCSNGSLQCRICI
A/Netherlands/209/1980,H3,human,CY113269.1,293-SA23,238220.0,23.810094952523738,MKTIIALSYIFCLVFAQNLPGNDNSTATLCLGHHAVPNGTLVKTITNDQIEVTNATELVQSSSTGRICDSPHRILDGKNCTLVDALLGDPHCDGFQNEKWDLFVERSKAFSNCYPYDVPDYASLRSLVASSGTLEFINESFNWTGVTQSGGSYACKRGSDNSFFSRLNWLYESESKYPVLNVTMPNNGNFDKLYIWGVHHPSTDKEQTNLYVRASGRVTVSTKRSQQTIIPNIGSRPWVRGLSSRISIYWTIVKPGDILLINSNGNLIAPRGYFKIRTGKSSIMRSDAPIGTCSSECITPNGSIPNDKPFQNVNKITYGACPKYVKQNTLKLATGMRNVPEKQTRGIFGAIAGFIENGWEGMVDGWYGFRHQNSEGTGQAADLKSTQAAIDQINGKLNRVIEKTNEKFHQIEKEFSEVEGRIQDLEKYVEDTKIDLWSYNAELLVALENQHTIDLTDSEMNKLFEKTRRQLRENAEDMGNGCFKIYHKCDNACIGSIRNGTYDHDVYRDEALNNRFQIKGVELKSGYKDWILWISFAISCFLLCVVLLGFIMWACQKGNIRCNICI
A/Netherlands/209/1980,H3,human,CY113269.1,293-SA26,4415000.0,441.27936031984007,MKTIIALSYIFCLVFAQNLPGNDNSTATLCLGHHAVPNGTLVKTITNDQIEVTNATELVQSSSTGRICDSPHRILDGKNCTLVDALLGDPHCDGFQNEKWDLFVERSKAFSNCYPYDVPDYASLRSLVASSGTLEFINESFNWTGVTQSGGSYACKRGSDNSFFSRLNWLYESESKYPVLNVTMPNNGNFDKLYIWGVHHPSTDKEQTNLYVRASGRVTVSTKRSQQTIIPNIGSRPWVRGLSSRISIYWTIVKPGDILLINSNGNLIAPRGYFKIRTGKSSIMRSDAPIGTCSSECITPNGSIPNDKPFQNVNKITYGACPKYVKQNTLKLATGMRNVPEKQTRGIFGAIAGFIENGWEGMVDGWYGFRHQNSEGTGQAADLKSTQAAIDQINGKLNRVIEKTNEKFHQIEKEFSEVEGRIQDLEKYVEDTKIDLWSYNAELLVALENQHTIDLTDSEMNKLFEKTRRQLRENAEDMGNGCFKIYHKCDNACIGSIRNGTYDHDVYRDEALNNRFQIKGVELKSGYKDWILWISFAISCFLLCVVLLGFIMWACQKGNIRCNICI
A/Netherlands/209/1980,H3,human,CY113269.1,293-noSA-human-MHCII-0301,1221100.0,122.04897551224389,MKTIIALSYIFCLVFAQNLPGNDNSTATLCLGHHAVPNGTLVKTITNDQIEVTNATELVQSSSTGRICDSPHRILDGKNCTLVDALLGDPHCDGFQNEKWDLFVERSKAFSNCYPYDVPDYASLRSLVASSGTLEFINESFNWTGVTQSGGSYACKRGSDNSFFSRLNWLYESESKYPVLNVTMPNNGNFDKLYIWGVHHPSTDKEQTNLYVRASGRVTVSTKRSQQTIIPNIGSRPWVRGLSSRISIYWTIVKPGDILLINSNGNLIAPRGYFKIRTGKSSIMRSDAPIGTCSSECITPNGSIPNDKPFQNVNKITYGACPKYVKQNTLKLATGMRNVPEKQTRGIFGAIAGFIENGWEGMVDGWYGFRHQNSEGTGQAADLKSTQAAIDQINGKLNRVIEKTNEKFHQIEKEFSEVEGRIQDLEKYVEDTKIDLWSYNAELLVALENQHTIDLTDSEMNKLFEKTRRQLRENAEDMGNGCFKIYHKCDNACIGSIRNGTYDHDVYRDEALNNRFQIKGVELKSGYKDWILWISFAISCFLLCVVLLGFIMWACQKGNIRCNICI
A/Netherlands/209/1980,H3,human,CY113269.1,293-noSA-human-MHCII-1503,15309.0,1.5301349325337332,MKTIIALSYIFCLVFAQNLPGNDNSTATLCLGHHAVPNGTLVKTITNDQIEVTNATELVQSSSTGRICDSPHRILDGKNCTLVDALLGDPHCDGFQNEKWDLFVERSKAFSNCYPYDVPDYASLRSLVASSGTLEFINESFNWTGVTQSGGSYACKRGSDNSFFSRLNWLYESESKYPVLNVTMPNNGNFDKLYIWGVHHPSTDKEQTNLYVRASGRVTVSTKRSQQTIIPNIGSRPWVRGLSSRISIYWTIVKPGDILLINSNGNLIAPRGYFKIRTGKSSIMRSDAPIGTCSSECITPNGSIPNDKPFQNVNKITYGACPKYVKQNTLKLATGMRNVPEKQTRGIFGAIAGFIENGWEGMVDGWYGFRHQNSEGTGQAADLKSTQAAIDQINGKLNRVIEKTNEKFHQIEKEFSEVEGRIQDLEKYVEDTKIDLWSYNAELLVALENQHTIDLTDSEMNKLFEKTRRQLRENAEDMGNGCFKIYHKCDNACIGSIRNGTYDHDVYRDEALNNRFQIKGVELKSGYKDWILWISFAISCFLLCVVLLGFIMWACQKGNIRCNICI
A/Netherlands/209/1980,H3,human,CY113269.1,293-noSA-tufted-duck-MHCII,11710.0,1.170414792603698,MKTIIALSYIFCLVFAQNLPGNDNSTATLCLGHHAVPNGTLVKTITNDQIEVTNATELVQSSSTGRICDSPHRILDGKNCTLVDALLGDPHCDGFQNEKWDLFVERSKAFSNCYPYDVPDYASLRSLVASSGTLEFINESFNWTGVTQSGGSYACKRGSDNSFFSRLNWLYESESKYPVLNVTMPNNGNFDKLYIWGVHHPSTDKEQTNLYVRASGRVTVSTKRSQQTIIPNIGSRPWVRGLSSRISIYWTIVKPGDILLINSNGNLIAPRGYFKIRTGKSSIMRSDAPIGTCSSECITPNGSIPNDKPFQNVNKITYGACPKYVKQNTLKLATGMRNVPEKQTRGIFGAIAGFIENGWEGMVDGWYGFRHQNSEGTGQAADLKSTQAAIDQINGKLNRVIEKTNEKFHQIEKEFSEVEGRIQDLEKYVEDTKIDLWSYNAELLVALENQHTIDLTDSEMNKLFEKTRRQLRENAEDMGNGCFKIYHKCDNACIGSIRNGTYDHDVYRDEALNNRFQIKGVELKSGYKDWILWISFAISCFLLCVVLLGFIMWACQKGNIRCNICI
A/New York City/2/1918,H1,human,OR133599.2,293-SA23,16565.0,4.747778733161364,MEARLLVLLCAFAATNADTICIGYHANNSTDTVDTVLEKNVTVTHSVNLLEDSHNGKLCKLKGIAPLQLGKCNIAGWLLGNPECDLLLTASSWSYIVETSNSENGTCYPGDFIDYEELREQLSSVSSFEKFEIFPKTSSWPNHETTKGVTAACSYAGASSFYRNLLWLTKKGSSYPKLSKSYVNNKGKEVLVLWGVHHPPTGTDQQSLYQNADAYVSVGSSKYNRRFTPEIAARPKVRNQAGRMNYYWTLLEPGDTITFEATGNLIAPWYAFALNRGSGSGIITSDAPVHDCNTKCQTPHGAINSSLPFQNIHPVTIGECPKYVRSTKLRMATGLRNIPSIQSRGLFGAIAGFIEGGWTGMIDGWYGYHHQNEQGSGYAADQKSTQNAIDGITNKVNSVIEKMNTQFTAVGKEFNNLERRIENLNKKVDDGFLDIWTYNAELLVLLENERTLDFHDSNVRNLYEKVKSQLKNNAKEIGNGCFEFYHKCDDACMESVRNGTYDYPKYSEESKLNREEIDGVKLESMGVYQILAIYSTVASSLVLLVSLGAISFWMCSNGSLQCRICI
A/New York City/2/1918,H1,human,OR133599.2,293-SA26,728400.0,208.77042132416165,MEARLLVLLCAFAATNADTICIGYHANNSTDTVDTVLEKNVTVTHSVNLLEDSHNGKLCKLKGIAPLQLGKCNIAGWLLGNPECDLLLTASSWSYIVETSNSENGTCYPGDFIDYEELREQLSSVSSFEKFEIFPKTSSWPNHETTKGVTAACSYAGASSFYRNLLWLTKKGSSYPKLSKSYVNNKGKEVLVLWGVHHPPTGTDQQSLYQNADAYVSVGSSKYNRRFTPEIAARPKVRNQAGRMNYYWTLLEPGDTITFEATGNLIAPWYAFALNRGSGSGIITSDAPVHDCNTKCQTPHGAINSSLPFQNIHPVTIGECPKYVRSTKLRMATGLRNIPSIQSRGLFGAIAGFIEGGWTGMIDGWYGYHHQNEQGSGYAADQKSTQNAIDGITNKVNSVIEKMNTQFTAVGKEFNNLERRIENLNKKVDDGFLDIWTYNAELLVLLENERTLDFHDSNVRNLYEKVKSQLKNNAKEIGNGCFEFYHKCDDACMESVRNGTYDYPKYSEESKLNREEIDGVKLESMGVYQILAIYSTVASSLVLLVSLGAISFWMCSNGSLQCRICI
A/New York City/2/1918,H1,human,OR133599.2,293-noSA-human-MHCII-0301,69320.0,19.868157065061624,MEARLLVLLCAFAATNADTICIGYHANNSTDTVDTVLEKNVTVTHSVNLLEDSHNGKLCKLKGIAPLQLGKCNIAGWLLGNPECDLLLTASSWSYIVETSNSENGTCYPGDFIDYEELREQLSSVSSFEKFEIFPKTSSWPNHETTKGVTAACSYAGASSFYRNLLWLTKKGSSYPKLSKSYVNNKGKEVLVLWGVHHPPTGTDQQSLYQNADAYVSVGSSKYNRRFTPEIAARPKVRNQAGRMNYYWTLLEPGDTITFEATGNLIAPWYAFALNRGSGSGIITSDAPVHDCNTKCQTPHGAINSSLPFQNIHPVTIGECPKYVRSTKLRMATGLRNIPSIQSRGLFGAIAGFIEGGWTGMIDGWYGYHHQNEQGSGYAADQKSTQNAIDGITNKVNSVIEKMNTQFTAVGKEFNNLERRIENLNKKVDDGFLDIWTYNAELLVLLENERTLDFHDSNVRNLYEKVKSQLKNNAKEIGNGCFEFYHKCDDACMESVRNGTYDYPKYSEESKLNREEIDGVKLESMGVYQILAIYSTVASSLVLLVSLGAISFWMCSNGSLQCRICI
A/New York City/2/1918,H1,human,OR133599.2,293-noSA-human-MHCII-1503,355300.0,101.83433648609918,MEARLLVLLCAFAATNADTICIGYHANNSTDTVDTVLEKNVTVTHSVNLLEDSHNGKLCKLKGIAPLQLGKCNIAGWLLGNPECDLLLTASSWSYIVETSNSENGTCYPGDFIDYEELREQLSSVSSFEKFEIFPKTSSWPNHETTKGVTAACSYAGASSFYRNLLWLTKKGSSYPKLSKSYVNNKGKEVLVLWGVHHPPTGTDQQSLYQNADAYVSVGSSKYNRRFTPEIAARPKVRNQAGRMNYYWTLLEPGDTITFEATGNLIAPWYAFALNRGSGSGIITSDAPVHDCNTKCQTPHGAINSSLPFQNIHPVTIGECPKYVRSTKLRMATGLRNIPSIQSRGLFGAIAGFIEGGWTGMIDGWYGYHHQNEQGSGYAADQKSTQNAIDGITNKVNSVIEKMNTQFTAVGKEFNNLERRIENLNKKVDDGFLDIWTYNAELLVLLENERTLDFHDSNVRNLYEKVKSQLKNNAKEIGNGCFEFYHKCDDACMESVRNGTYDYPKYSEESKLNREEIDGVKLESMGVYQILAIYSTVASSLVLLVSLGAISFWMCSNGSLQCRICI
A/New York City/2/1918,H1,human,OR133599.2,293-noSA-tufted-duck-MHCII,7162000.0,2052.737173975351,MEARLLVLLCAFAATNADTICIGYHANNSTDTVDTVLEKNVTVTHSVNLLEDSHNGKLCKLKGIAPLQLGKCNIAGWLLGNPECDLLLTASSWSYIVETSNSENGTCYPGDFIDYEELREQLSSVSSFEKFEIFPKTSSWPNHETTKGVTAACSYAGASSFYRNLLWLTKKGSSYPKLSKSYVNNKGKEVLVLWGVHHPPTGTDQQSLYQNADAYVSVGSSKYNRRFTPEIAARPKVRNQAGRMNYYWTLLEPGDTITFEATGNLIAPWYAFALNRGSGSGIITSDAPVHDCNTKCQTPHGAINSSLPFQNIHPVTIGECPKYVRSTKLRMATGLRNIPSIQSRGLFGAIAGFIEGGWTGMIDGWYGYHHQNEQGSGYAADQKSTQNAIDGITNKVNSVIEKMNTQFTAVGKEFNNLERRIENLNKKVDDGFLDIWTYNAELLVLLENERTLDFHDSNVRNLYEKVKSQLKNNAKEIGNGCFEFYHKCDDACMESVRNGTYDYPKYSEESKLNREEIDGVKLESMGVYQILAIYSTVASSLVLLVSLGAISFWMCSNGSLQCRICI
A/New York/230/2003,H1,human,CY002624.1,293-SA23,4352.0,13.088721804511279,MKVKLLVLLCTFTATYADTICIGYHANNSTDTVDTVLEKNVTVTHSVNLLEDSHNGKLCLLKGIAPLQLGNCSVAGWILGNPECELLISKESWSYIVETPNPENGTCYPGYFADYEELREQLSSVSSFERFEIFPKESSWPNHTVTGVSASCSHNGKSSFYKNLLWLTGKNGLYPNLSKSYANNKEKEVLVLWGVHHPPNIGDQRALYHTENAYVSVVSSHYSRRFTPEIAKRPKVRDQEGRINYYWTLLEPGDTIIFEANGNLIAPRYAFALSRGFGSGIITSNAPMDECDAKCQTPQGAINSSLPFQNVHPVTIGECPKYVRSAKLRMVTGLRNIPSIQSRGLFGAIAGFIEGGWTGMVDGWYGYHHQNEQGSGYAADQKSTQNAINGITNKVNSVIEKMNTQFTAVGKEFNKLERRMENLNKKVDDGFLDIWTYNAELLVLLENERTLDFHDSNVKNLYEKVKSQLKNNAKEIGNGCFEFYHKCNDECMESVKNGTYDYPKYSEESKLNREKIDGVKLESMGVYQILAIYSTVASSLVLLVSLGAISFWMCSNGSLQCRICI
A/New York/230/2003,H1,human,CY002624.1,293-SA26,4320000.0,12992.481203007519,MKVKLLVLLCTFTATYADTICIGYHANNSTDTVDTVLEKNVTVTHSVNLLEDSHNGKLCLLKGIAPLQLGNCSVAGWILGNPECELLISKESWSYIVETPNPENGTCYPGYFADYEELREQLSSVSSFERFEIFPKESSWPNHTVTGVSASCSHNGKSSFYKNLLWLTGKNGLYPNLSKSYANNKEKEVLVLWGVHHPPNIGDQRALYHTENAYVSVVSSHYSRRFTPEIAKRPKVRDQEGRINYYWTLLEPGDTIIFEANGNLIAPRYAFALSRGFGSGIITSNAPMDECDAKCQTPQGAINSSLPFQNVHPVTIGECPKYVRSAKLRMVTGLRNIPSIQSRGLFGAIAGFIEGGWTGMVDGWYGYHHQNEQGSGYAADQKSTQNAINGITNKVNSVIEKMNTQFTAVGKEFNKLERRMENLNKKVDDGFLDIWTYNAELLVLLENERTLDFHDSNVKNLYEKVKSQLKNNAKEIGNGCFEFYHKCNDECMESVKNGTYDYPKYSEESKLNREKIDGVKLESMGVYQILAIYSTVASSLVLLVSLGAISFWMCSNGSLQCRICI
A/New York/230/2003,H1,human,CY002624.1,293-noSA-human-MHCII-0301,53430.0,160.69172932330827,MKVKLLVLLCTFTATYADTICIGYHANNSTDTVDTVLEKNVTVTHSVNLLEDSHNGKLCLLKGIAPLQLGNCSVAGWILGNPECELLISKESWSYIVETPNPENGTCYPGYFADYEELREQLSSVSSFERFEIFPKESSWPNHTVTGVSASCSHNGKSSFYKNLLWLTGKNGLYPNLSKSYANNKEKEVLVLWGVHHPPNIGDQRALYHTENAYVSVVSSHYSRRFTPEIAKRPKVRDQEGRINYYWTLLEPGDTIIFEANGNLIAPRYAFALSRGFGSGIITSNAPMDECDAKCQTPQGAINSSLPFQNVHPVTIGECPKYVRSAKLRMVTGLRNIPSIQSRGLFGAIAGFIEGGWTGMVDGWYGYHHQNEQGSGYAADQKSTQNAINGITNKVNSVIEKMNTQFTAVGKEFNKLERRMENLNKKVDDGFLDIWTYNAELLVLLENERTLDFHDSNVKNLYEKVKSQLKNNAKEIGNGCFEFYHKCNDECMESVKNGTYDYPKYSEESKLNREKIDGVKLESMGVYQILAIYSTVASSLVLLVSLGAISFWMCSNGSLQCRICI
A/New York/230/2003,H1,human,CY002624.1,293-noSA-human-MHCII-1503,367.9,1.1064661654135337,MKVKLLVLLCTFTATYADTICIGYHANNSTDTVDTVLEKNVTVTHSVNLLEDSHNGKLCLLKGIAPLQLGNCSVAGWILGNPECELLISKESWSYIVETPNPENGTCYPGYFADYEELREQLSSVSSFERFEIFPKESSWPNHTVTGVSASCSHNGKSSFYKNLLWLTGKNGLYPNLSKSYANNKEKEVLVLWGVHHPPNIGDQRALYHTENAYVSVVSSHYSRRFTPEIAKRPKVRDQEGRINYYWTLLEPGDTIIFEANGNLIAPRYAFALSRGFGSGIITSNAPMDECDAKCQTPQGAINSSLPFQNVHPVTIGECPKYVRSAKLRMVTGLRNIPSIQSRGLFGAIAGFIEGGWTGMVDGWYGYHHQNEQGSGYAADQKSTQNAINGITNKVNSVIEKMNTQFTAVGKEFNKLERRMENLNKKVDDGFLDIWTYNAELLVLLENERTLDFHDSNVKNLYEKVKSQLKNNAKEIGNGCFEFYHKCNDECMESVKNGTYDYPKYSEESKLNREKIDGVKLESMGVYQILAIYSTVASSLVLLVSLGAISFWMCSNGSLQCRICI
A/New York/230/2003,H1,human,CY002624.1,293-noSA-tufted-duck-MHCII,416.79999999999995,1.253533834586466,MKVKLLVLLCTFTATYADTICIGYHANNSTDTVDTVLEKNVTVTHSVNLLEDSHNGKLCLLKGIAPLQLGNCSVAGWILGNPECELLISKESWSYIVETPNPENGTCYPGYFADYEELREQLSSVSSFERFEIFPKESSWPNHTVTGVSASCSHNGKSSFYKNLLWLTGKNGLYPNLSKSYANNKEKEVLVLWGVHHPPNIGDQRALYHTENAYVSVVSSHYSRRFTPEIAKRPKVRDQEGRINYYWTLLEPGDTIIFEANGNLIAPRYAFALSRGFGSGIITSNAPMDECDAKCQTPQGAINSSLPFQNVHPVTIGECPKYVRSAKLRMVTGLRNIPSIQSRGLFGAIAGFIEGGWTGMVDGWYGYHHQNEQGSGYAADQKSTQNAINGITNKVNSVIEKMNTQFTAVGKEFNKLERRMENLNKKVDDGFLDIWTYNAELLVLLENERTLDFHDSNVKNLYEKVKSQLKNNAKEIGNGCFEFYHKCNDECMESVKNGTYDYPKYSEESKLNREKIDGVKLESMGVYQILAIYSTVASSLVLLVSLGAISFWMCSNGSLQCRICI
A/New York/762/1993,H3,human,CY012160.1,293-SA23,27330.0,0.6125056028686687,MKTIIALSYILCLVFAQKLPGNDNSTATLCLGHHAVPNGTLVKTITNDQIEVTNATELVQSSSTGRICDSPHRILDGKNCTLIDALLGDPHCDGFQNKEWDLFVERSKAYSNCYPYDVPDYASLRSLVASSGTLEFINEDFNWTGVAQDGKSYACKRGSVNSFFSRLNWLHKLEYKYPALNVTMPNNGKFDKLYIWGVHHPSTDSDQTSLYVRASGRVTVSTKRSQQTVIPNIGSRPWVRGLSSRISIYWTIVKPGDILLINSTGNLIAPRGYFKIRNGKSSIMRSDAPIGNCSSECITPNGSIPNDKPFQNVNRITYGACPRYVKQNTLKLATGMRNVPEKQTRGIFGAIAGFIENGWEGMVDGWYGFRHQNSEGTGQAADLKSTQAAIDQINGKLNRLIEKTNEKFHQIEKEFSEVEGRIQDLEKYVEDTKIDLWSYNAELLVALENQHTIDLTDSEMNKLFERTRKQLRENAEDMGNGCFKIYHKCDNACIGSIRNGTYDHDVYRDEALNNRFQIKGVELKSGYKDWILWISFAISCFLLCVVLLGFIMWACQKGNIRCNICI
A/New York/762/1993,H3,human,CY012160.1,293-SA26,7542000.0,169.02734199910353,MKTIIALSYILCLVFAQKLPGNDNSTATLCLGHHAVPNGTLVKTITNDQIEVTNATELVQSSSTGRICDSPHRILDGKNCTLIDALLGDPHCDGFQNKEWDLFVERSKAYSNCYPYDVPDYASLRSLVASSGTLEFINEDFNWTGVAQDGKSYACKRGSVNSFFSRLNWLHKLEYKYPALNVTMPNNGKFDKLYIWGVHHPSTDSDQTSLYVRASGRVTVSTKRSQQTVIPNIGSRPWVRGLSSRISIYWTIVKPGDILLINSTGNLIAPRGYFKIRNGKSSIMRSDAPIGNCSSECITPNGSIPNDKPFQNVNRITYGACPRYVKQNTLKLATGMRNVPEKQTRGIFGAIAGFIENGWEGMVDGWYGFRHQNSEGTGQAADLKSTQAAIDQINGKLNRLIEKTNEKFHQIEKEFSEVEGRIQDLEKYVEDTKIDLWSYNAELLVALENQHTIDLTDSEMNKLFERTRKQLRENAEDMGNGCFKIYHKCDNACIGSIRNGTYDHDVYRDEALNNRFQIKGVELKSGYKDWILWISFAISCFLLCVVLLGFIMWACQKGNIRCNICI
A/New York/762/1993,H3,human,CY012160.1,293-noSA-human-MHCII-0301,170280.0,3.8162259076647245,MKTIIALSYILCLVFAQKLPGNDNSTATLCLGHHAVPNGTLVKTITNDQIEVTNATELVQSSSTGRICDSPHRILDGKNCTLIDALLGDPHCDGFQNKEWDLFVERSKAYSNCYPYDVPDYASLRSLVASSGTLEFINEDFNWTGVAQDGKSYACKRGSVNSFFSRLNWLHKLEYKYPALNVTMPNNGKFDKLYIWGVHHPSTDSDQTSLYVRASGRVTVSTKRSQQTVIPNIGSRPWVRGLSSRISIYWTIVKPGDILLINSTGNLIAPRGYFKIRNGKSSIMRSDAPIGNCSSECITPNGSIPNDKPFQNVNRITYGACPRYVKQNTLKLATGMRNVPEKQTRGIFGAIAGFIENGWEGMVDGWYGFRHQNSEGTGQAADLKSTQAAIDQINGKLNRLIEKTNEKFHQIEKEFSEVEGRIQDLEKYVEDTKIDLWSYNAELLVALENQHTIDLTDSEMNKLFERTRKQLRENAEDMGNGCFKIYHKCDNACIGSIRNGTYDHDVYRDEALNNRFQIKGVELKSGYKDWILWISFAISCFLLCVVLLGFIMWACQKGNIRCNICI
A/New York/762/1993,H3,human,CY012160.1,293-noSA-human-MHCII-1503,33200.0,0.7440609592111161,MKTIIALSYILCLVFAQKLPGNDNSTATLCLGHHAVPNGTLVKTITNDQIEVTNATELVQSSSTGRICDSPHRILDGKNCTLIDALLGDPHCDGFQNKEWDLFVERSKAYSNCYPYDVPDYASLRSLVASSGTLEFINEDFNWTGVAQDGKSYACKRGSVNSFFSRLNWLHKLEYKYPALNVTMPNNGKFDKLYIWGVHHPSTDSDQTSLYVRASGRVTVSTKRSQQTVIPNIGSRPWVRGLSSRISIYWTIVKPGDILLINSTGNLIAPRGYFKIRNGKSSIMRSDAPIGNCSSECITPNGSIPNDKPFQNVNRITYGACPRYVKQNTLKLATGMRNVPEKQTRGIFGAIAGFIENGWEGMVDGWYGFRHQNSEGTGQAADLKSTQAAIDQINGKLNRLIEKTNEKFHQIEKEFSEVEGRIQDLEKYVEDTKIDLWSYNAELLVALENQHTIDLTDSEMNKLFERTRKQLRENAEDMGNGCFKIYHKCDNACIGSIRNGTYDHDVYRDEALNNRFQIKGVELKSGYKDWILWISFAISCFLLCVVLLGFIMWACQKGNIRCNICI
A/New York/762/1993,H3,human,CY012160.1,293-noSA-tufted-duck-MHCII,27360.0,0.6131779471089198,MKTIIALSYILCLVFAQKLPGNDNSTATLCLGHHAVPNGTLVKTITNDQIEVTNATELVQSSSTGRICDSPHRILDGKNCTLIDALLGDPHCDGFQNKEWDLFVERSKAYSNCYPYDVPDYASLRSLVASSGTLEFINEDFNWTGVAQDGKSYACKRGSVNSFFSRLNWLHKLEYKYPALNVTMPNNGKFDKLYIWGVHHPSTDSDQTSLYVRASGRVTVSTKRSQQTVIPNIGSRPWVRGLSSRISIYWTIVKPGDILLINSTGNLIAPRGYFKIRNGKSSIMRSDAPIGNCSSECITPNGSIPNDKPFQNVNRITYGACPRYVKQNTLKLATGMRNVPEKQTRGIFGAIAGFIENGWEGMVDGWYGFRHQNSEGTGQAADLKSTQAAIDQINGKLNRLIEKTNEKFHQIEKEFSEVEGRIQDLEKYVEDTKIDLWSYNAELLVALENQHTIDLTDSEMNKLFERTRKQLRENAEDMGNGCFKIYHKCDNACIGSIRNGTYDHDVYRDEALNNRFQIKGVELKSGYKDWILWISFAISCFLLCVVLLGFIMWACQKGNIRCNICI
A/Siena/10/1989,H1,human,CY036823.1,293-SA23,116020.0,59.73945728850214,MKAKLLVLLCAFTATDADTICIGYHANNSTDTVDTVLEKNVTVTHSVNLLEDSHNGKLCRLKGIAPLQLGNCSIAGWILGNPECESLFSKESWSYIAETPNSENGTCYPGYFADYEELREQLSSVSSFERFEIFPKESSWPNHTVTKGVTAACSHNGKSSFYRNLLWLTEKNGLYPNLSKSYVNNKEKEVLVLWGVHHPSNIGDQRAIYHTENAYVSVVSSHYSRRFTPEIAKRPKVRGQEGRINYYWTLLEPGDTIIFEANGNLIAPWYAFALSRGFGSGIITSNASMDECDAKCQTPQGAINSSLPFQNVHPVTIGECPKYVRSTKLRMVTGLRNIPSVQSRGLFGAIAGFIEGGWTGMIDGWYGYHHQNEQGSGYAADQKSTQNAINGITNKVNSVIEKMNTQFTAVGKEFNKLERRMENLNKKVDDGFLDIWTYNAELLVLLENERTLDFHDSNVKNLYEKVKSQLKNNAKEIGNGCFEFYHKCNNECMESVKNGTYDYPKYSEESKLNREKIDGVKLESMGVYQILAIYSTVASSLVLLVSLGAISFWMCSNGSLQCRICI
A/Siena/10/1989,H1,human,CY036823.1,293-SA26,1577700.0,812.3680551979816,MKAKLLVLLCAFTATDADTICIGYHANNSTDTVDTVLEKNVTVTHSVNLLEDSHNGKLCRLKGIAPLQLGNCSIAGWILGNPECESLFSKESWSYIAETPNSENGTCYPGYFADYEELREQLSSVSSFERFEIFPKESSWPNHTVTKGVTAACSHNGKSSFYRNLLWLTEKNGLYPNLSKSYVNNKEKEVLVLWGVHHPSNIGDQRAIYHTENAYVSVVSSHYSRRFTPEIAKRPKVRGQEGRINYYWTLLEPGDTIIFEANGNLIAPWYAFALSRGFGSGIITSNASMDECDAKCQTPQGAINSSLPFQNVHPVTIGECPKYVRSTKLRMVTGLRNIPSVQSRGLFGAIAGFIEGGWTGMIDGWYGYHHQNEQGSGYAADQKSTQNAINGITNKVNSVIEKMNTQFTAVGKEFNKLERRMENLNKKVDDGFLDIWTYNAELLVLLENERTLDFHDSNVKNLYEKVKSQLKNNAKEIGNGCFEFYHKCNNECMESVKNGTYDYPKYSEESKLNREKIDGVKLESMGVYQILAIYSTVASSLVLLVSLGAISFWMCSNGSLQCRICI
A/Siena/10/1989,H1,human,CY036823.1,293-noSA-human-MHCII-0301,75730.0,38.9938726121209,MKAKLLVLLCAFTATDADTICIGYHANNSTDTVDTVLEKNVTVTHSVNLLEDSHNGKLCRLKGIAPLQLGNCSIAGWILGNPECESLFSKESWSYIAETPNSENGTCYPGYFADYEELREQLSSVSSFERFEIFPKESSWPNHTVTKGVTAACSHNGKSSFYRNLLWLTEKNGLYPNLSKSYVNNKEKEVLVLWGVHHPSNIGDQRAIYHTENAYVSVVSSHYSRRFTPEIAKRPKVRGQEGRINYYWTLLEPGDTIIFEANGNLIAPWYAFALSRGFGSGIITSNASMDECDAKCQTPQGAINSSLPFQNVHPVTIGECPKYVRSTKLRMVTGLRNIPSVQSRGLFGAIAGFIEGGWTGMIDGWYGYHHQNEQGSGYAADQKSTQNAINGITNKVNSVIEKMNTQFTAVGKEFNKLERRMENLNKKVDDGFLDIWTYNAELLVLLENERTLDFHDSNVKNLYEKVKSQLKNNAKEIGNGCFEFYHKCNNECMESVKNGTYDYPKYSEESKLNREKIDGVKLESMGVYQILAIYSTVASSLVLLVSLGAISFWMCSNGSLQCRICI
A/Siena/10/1989,H1,human,CY036823.1,293-noSA-human-MHCII-1503,2502.0,1.2882961742443748,MKAKLLVLLCAFTATDADTICIGYHANNSTDTVDTVLEKNVTVTHSVNLLEDSHNGKLCRLKGIAPLQLGNCSIAGWILGNPECESLFSKESWSYIAETPNSENGTCYPGYFADYEELREQLSSVSSFERFEIFPKESSWPNHTVTKGVTAACSHNGKSSFYRNLLWLTEKNGLYPNLSKSYVNNKEKEVLVLWGVHHPSNIGDQRAIYHTENAYVSVVSSHYSRRFTPEIAKRPKVRGQEGRINYYWTLLEPGDTIIFEANGNLIAPWYAFALSRGFGSGIITSNASMDECDAKCQTPQGAINSSLPFQNVHPVTIGECPKYVRSTKLRMVTGLRNIPSVQSRGLFGAIAGFIEGGWTGMIDGWYGYHHQNEQGSGYAADQKSTQNAINGITNKVNSVIEKMNTQFTAVGKEFNKLERRMENLNKKVDDGFLDIWTYNAELLVLLENERTLDFHDSNVKNLYEKVKSQLKNNAKEIGNGCFEFYHKCNNECMESVKNGTYDYPKYSEESKLNREKIDGVKLESMGVYQILAIYSTVASSLVLLVSLGAISFWMCSNGSLQCRICI
A/Siena/10/1989,H1,human,CY036823.1,293-noSA-tufted-duck-MHCII,1162.6,0.5986303485917306,MKAKLLVLLCAFTATDADTICIGYHANNSTDTVDTVLEKNVTVTHSVNLLEDSHNGKLCRLKGIAPLQLGNCSIAGWILGNPECESLFSKESWSYIAETPNSENGTCYPGYFADYEELREQLSSVSSFERFEIFPKESSWPNHTVTKGVTAACSHNGKSSFYRNLLWLTEKNGLYPNLSKSYVNNKEKEVLVLWGVHHPSNIGDQRAIYHTENAYVSVVSSHYSRRFTPEIAKRPKVRGQEGRINYYWTLLEPGDTIIFEANGNLIAPWYAFALSRGFGSGIITSNASMDECDAKCQTPQGAINSSLPFQNVHPVTIGECPKYVRSTKLRMVTGLRNIPSVQSRGLFGAIAGFIEGGWTGMIDGWYGYHHQNEQGSGYAADQKSTQNAINGITNKVNSVIEKMNTQFTAVGKEFNKLERRMENLNKKVDDGFLDIWTYNAELLVLLENERTLDFHDSNVKNLYEKVKSQLKNNAKEIGNGCFEFYHKCNNECMESVKNGTYDYPKYSEESKLNREKIDGVKLESMGVYQILAIYSTVASSLVLLVSLGAISFWMCSNGSLQCRICI
A/WSN/1933,H1,human,CY034132.1,293-SA23,680700.0,22.48761149653122,MFIPLIFLPQLLGNVLVCVLAHHFGKEFATMKAKLLVLLYAFVATDADTICIGYHANNSTDTVDTILEKNVAVTHSVNLLEDSHNGKLCKLKGIAPLQLGKCNITGWLLGNPECDSLLPARSWSYIVETPNSENGACYPGDLIDYEELREQLSSVSSLERFEIFPKESSWPNHTFNGVTVSCSHRGKSSFYRNLLWLTKKGDSYPKLTNSYVNNKGKEVLVLWGVHHPSSSDEQQSLYSNGNAYVSVASSNYNRRFTPEIAARPKVRDQHGRMNYYWTLLEPGDTIIFEATGNLIAPWYAFALSRGFESGIITSNASMHECNTKCQTPQGAINSNLPFQNIHPVTIGECPKYVRSTKLRMVTGLRNIPSIQYRGLFGAIAGFIEGGWTGMIDGWYGYHHQNEQGSGYAADQKSTQNAINGITNKVNSVIEKMNTQFTAVGKEFNNLEKRMENLNKKVDDGFLDIWTYNAELLVLLENERTLDFHDLNVKNLYEKVKSQLKNNAKEIGNGCFEFYHKCDNECMESVRNGTYDYPKYSEESKLNREKIDGVKLESMGVYQILAIYSTVASSLVLLVSLGAISFWMCSNGSLQCRICI
A/WSN/1933,H1,human,CY034132.1,293-SA26,3066000.0,101.28840436075322,MFIPLIFLPQLLGNVLVCVLAHHFGKEFATMKAKLLVLLYAFVATDADTICIGYHANNSTDTVDTILEKNVAVTHSVNLLEDSHNGKLCKLKGIAPLQLGKCNITGWLLGNPECDSLLPARSWSYIVETPNSENGACYPGDLIDYEELREQLSSVSSLERFEIFPKESSWPNHTFNGVTVSCSHRGKSSFYRNLLWLTKKGDSYPKLTNSYVNNKGKEVLVLWGVHHPSSSDEQQSLYSNGNAYVSVASSNYNRRFTPEIAARPKVRDQHGRMNYYWTLLEPGDTIIFEATGNLIAPWYAFALSRGFESGIITSNASMHECNTKCQTPQGAINSNLPFQNIHPVTIGECPKYVRSTKLRMVTGLRNIPSIQYRGLFGAIAGFIEGGWTGMIDGWYGYHHQNEQGSGYAADQKSTQNAINGITNKVNSVIEKMNTQFTAVGKEFNNLEKRMENLNKKVDDGFLDIWTYNAELLVLLENERTLDFHDLNVKNLYEKVKSQLKNNAKEIGNGCFEFYHKCDNECMESVRNGTYDYPKYSEESKLNREKIDGVKLESMGVYQILAIYSTVASSLVLLVSLGAISFWMCSNGSLQCRICI
A/WSN/1933,H1,human,CY034132.1,293-noSA-human-MHCII-0301,497100.0,16.422200198216057,MFIPLIFLPQLLGNVLVCVLAHHFGKEFATMKAKLLVLLYAFVATDADTICIGYHANNSTDTVDTILEKNVAVTHSVNLLEDSHNGKLCKLKGIAPLQLGKCNITGWLLGNPECDSLLPARSWSYIVETPNSENGACYPGDLIDYEELREQLSSVSSLERFEIFPKESSWPNHTFNGVTVSCSHRGKSSFYRNLLWLTKKGDSYPKLTNSYVNNKGKEVLVLWGVHHPSSSDEQQSLYSNGNAYVSVASSNYNRRFTPEIAARPKVRDQHGRMNYYWTLLEPGDTIIFEATGNLIAPWYAFALSRGFESGIITSNASMHECNTKCQTPQGAINSNLPFQNIHPVTIGECPKYVRSTKLRMVTGLRNIPSIQYRGLFGAIAGFIEGGWTGMIDGWYGYHHQNEQGSGYAADQKSTQNAINGITNKVNSVIEKMNTQFTAVGKEFNNLEKRMENLNKKVDDGFLDIWTYNAELLVLLENERTLDFHDLNVKNLYEKVKSQLKNNAKEIGNGCFEFYHKCDNECMESVRNGTYDYPKYSEESKLNREKIDGVKLESMGVYQILAIYSTVASSLVLLVSLGAISFWMCSNGSLQCRICI
A/WSN/1933,H1,human,CY034132.1,293-noSA-human-MHCII-1503,14028.0,0.4634291377601586,MFIPLIFLPQLLGNVLVCVLAHHFGKEFATMKAKLLVLLYAFVATDADTICIGYHANNSTDTVDTILEKNVAVTHSVNLLEDSHNGKLCKLKGIAPLQLGKCNITGWLLGNPECDSLLPARSWSYIVETPNSENGACYPGDLIDYEELREQLSSVSSLERFEIFPKESSWPNHTFNGVTVSCSHRGKSSFYRNLLWLTKKGDSYPKLTNSYVNNKGKEVLVLWGVHHPSSSDEQQSLYSNGNAYVSVASSNYNRRFTPEIAARPKVRDQHGRMNYYWTLLEPGDTIIFEATGNLIAPWYAFALSRGFESGIITSNASMHECNTKCQTPQGAINSNLPFQNIHPVTIGECPKYVRSTKLRMVTGLRNIPSIQYRGLFGAIAGFIEGGWTGMIDGWYGYHHQNEQGSGYAADQKSTQNAINGITNKVNSVIEKMNTQFTAVGKEFNNLEKRMENLNKKVDDGFLDIWTYNAELLVLLENERTLDFHDLNVKNLYEKVKSQLKNNAKEIGNGCFEFYHKCDNECMESVRNGTYDYPKYSEESKLNREKIDGVKLESMGVYQILAIYSTVASSLVLLVSLGAISFWMCSNGSLQCRICI
A/WSN/1933,H1,human,CY034132.1,293-noSA-tufted-duck-MHCII,14649.0,0.48394449950445984,MFIPLIFLPQLLGNVLVCVLAHHFGKEFATMKAKLLVLLYAFVATDADTICIGYHANNSTDTVDTILEKNVAVTHSVNLLEDSHNGKLCKLKGIAPLQLGKCNITGWLLGNPECDSLLPARSWSYIVETPNSENGACYPGDLIDYEELREQLSSVSSLERFEIFPKESSWPNHTFNGVTVSCSHRGKSSFYRNLLWLTKKGDSYPKLTNSYVNNKGKEVLVLWGVHHPSSSDEQQSLYSNGNAYVSVASSNYNRRFTPEIAARPKVRDQHGRMNYYWTLLEPGDTIIFEATGNLIAPWYAFALSRGFESGIITSNASMHECNTKCQTPQGAINSNLPFQNIHPVTIGECPKYVRSTKLRMVTGLRNIPSIQYRGLFGAIAGFIEGGWTGMIDGWYGYHHQNEQGSGYAADQKSTQNAINGITNKVNSVIEKMNTQFTAVGKEFNNLEKRMENLNKKVDDGFLDIWTYNAELLVLLENERTLDFHDLNVKNLYEKVKSQLKNNAKEIGNGCFEFYHKCDNECMESVRNGTYDYPKYSEESKLNREKIDGVKLESMGVYQILAIYSTVASSLVLLVSLGAISFWMCSNGSLQCRICI
A/WSN/1933-H141Y,H1,human,,293-SA23,823500.0,23.4148421950526,MFIPLIFLPQLLGNVLVCVLAHHFGKEFATMKAKLLVLLYAFVATDADTICIGYHANNSTDTVDTILEKNVAVTHSVNLLEDSHNGKLCKLKGIAPLQLGKCNITGWLLGNPECDSLLPARSWSYIVETPNSENGACYPGDLIDYEELREQLSSVSSLERFEIFPKESSWPNHTFNGVTVSCSYRGKSSFYRNLLWLTKKGDSYPKLTNSYVNNKGKEVLVLWGVHHPSSSDEQQSLYSNGNAYVSVASSNYNRRFTPEIAARPKVRDQHGRMNYYWTLLEPGDTIIFEATGNLIAPWYAFALSRGFESGIITSNASMHECNTKCQTPQGAINSNLPFQNIHPVTIGECPKYVRSTKLRMVTGLRNIPSIQYRGLFGAIAGFIEGGWTGMIDGWYGYHHQNEQGSGYAADQKSTQNAINGITNKVNSVIEKMNTQFTAVGKEFNNLEKRMENLNKKVDDGFLDIWTYNAELLVLLENERTLDFHDLNVKNLYEKVKSQLKNNAKEIGNGCFEFYHKCDNECMESVRNGTYDYPKYSEESKLNREKIDGVKLESMGVYQILAIYSTVASSLVLLVSLGAISFWMCSNGSLQCRICI
A/WSN/1933-H141Y,H1,human,,293-SA26,3190000.0,90.7023030992323,MFIPLIFLPQLLGNVLVCVLAHHFGKEFATMKAKLLVLLYAFVATDADTICIGYHANNSTDTVDTILEKNVAVTHSVNLLEDSHNGKLCKLKGIAPLQLGKCNITGWLLGNPECDSLLPARSWSYIVETPNSENGACYPGDLIDYEELREQLSSVSSLERFEIFPKESSWPNHTFNGVTVSCSYRGKSSFYRNLLWLTKKGDSYPKLTNSYVNNKGKEVLVLWGVHHPSSSDEQQSLYSNGNAYVSVASSNYNRRFTPEIAARPKVRDQHGRMNYYWTLLEPGDTIIFEATGNLIAPWYAFALSRGFESGIITSNASMHECNTKCQTPQGAINSNLPFQNIHPVTIGECPKYVRSTKLRMVTGLRNIPSIQYRGLFGAIAGFIEGGWTGMIDGWYGYHHQNEQGSGYAADQKSTQNAINGITNKVNSVIEKMNTQFTAVGKEFNNLEKRMENLNKKVDDGFLDIWTYNAELLVLLENERTLDFHDLNVKNLYEKVKSQLKNNAKEIGNGCFEFYHKCDNECMESVRNGTYDYPKYSEESKLNREKIDGVKLESMGVYQILAIYSTVASSLVLLVSLGAISFWMCSNGSLQCRICI
A/WSN/1933-H141Y,H1,human,,293-noSA-human-MHCII-0301,481100.0,13.679272106909298,MFIPLIFLPQLLGNVLVCVLAHHFGKEFATMKAKLLVLLYAFVATDADTICIGYHANNSTDTVDTILEKNVAVTHSVNLLEDSHNGKLCKLKGIAPLQLGKCNITGWLLGNPECDSLLPARSWSYIVETPNSENGACYPGDLIDYEELREQLSSVSSLERFEIFPKESSWPNHTFNGVTVSCSYRGKSSFYRNLLWLTKKGDSYPKLTNSYVNNKGKEVLVLWGVHHPSSSDEQQSLYSNGNAYVSVASSNYNRRFTPEIAARPKVRDQHGRMNYYWTLLEPGDTIIFEATGNLIAPWYAFALSRGFESGIITSNASMHECNTKCQTPQGAINSNLPFQNIHPVTIGECPKYVRSTKLRMVTGLRNIPSIQYRGLFGAIAGFIEGGWTGMIDGWYGYHHQNEQGSGYAADQKSTQNAINGITNKVNSVIEKMNTQFTAVGKEFNNLEKRMENLNKKVDDGFLDIWTYNAELLVLLENERTLDFHDLNVKNLYEKVKSQLKNNAKEIGNGCFEFYHKCDNECMESVRNGTYDYPKYSEESKLNREKIDGVKLESMGVYQILAIYSTVASSLVLLVSLGAISFWMCSNGSLQCRICI
A/WSN/1933-H141Y,H1,human,,293-noSA-human-MHCII-1503,17351.0,0.49334660221779925,MFIPLIFLPQLLGNVLVCVLAHHFGKEFATMKAKLLVLLYAFVATDADTICIGYHANNSTDTVDTILEKNVAVTHSVNLLEDSHNGKLCKLKGIAPLQLGKCNITGWLLGNPECDSLLPARSWSYIVETPNSENGACYPGDLIDYEELREQLSSVSSLERFEIFPKESSWPNHTFNGVTVSCSYRGKSSFYRNLLWLTKKGDSYPKLTNSYVNNKGKEVLVLWGVHHPSSSDEQQSLYSNGNAYVSVASSNYNRRFTPEIAARPKVRDQHGRMNYYWTLLEPGDTIIFEATGNLIAPWYAFALSRGFESGIITSNASMHECNTKCQTPQGAINSNLPFQNIHPVTIGECPKYVRSTKLRMVTGLRNIPSIQYRGLFGAIAGFIEGGWTGMIDGWYGYHHQNEQGSGYAADQKSTQNAINGITNKVNSVIEKMNTQFTAVGKEFNNLEKRMENLNKKVDDGFLDIWTYNAELLVLLENERTLDFHDLNVKNLYEKVKSQLKNNAKEIGNGCFEFYHKCDNECMESVRNGTYDYPKYSEESKLNREKIDGVKLESMGVYQILAIYSTVASSLVLLVSLGAISFWMCSNGSLQCRICI
A/WSN/1933-H141Y,H1,human,,293-noSA-tufted-duck-MHCII,18504.0,0.5261302246232584,MFIPLIFLPQLLGNVLVCVLAHHFGKEFATMKAKLLVLLYAFVATDADTICIGYHANNSTDTVDTILEKNVAVTHSVNLLEDSHNGKLCKLKGIAPLQLGKCNITGWLLGNPECDSLLPARSWSYIVETPNSENGACYPGDLIDYEELREQLSSVSSLERFEIFPKESSWPNHTFNGVTVSCSYRGKSSFYRNLLWLTKKGDSYPKLTNSYVNNKGKEVLVLWGVHHPSSSDEQQSLYSNGNAYVSVASSNYNRRFTPEIAARPKVRDQHGRMNYYWTLLEPGDTIIFEATGNLIAPWYAFALSRGFESGIITSNASMHECNTKCQTPQGAINSNLPFQNIHPVTIGECPKYVRSTKLRMVTGLRNIPSIQYRGLFGAIAGFIEGGWTGMIDGWYGYHHQNEQGSGYAADQKSTQNAINGITNKVNSVIEKMNTQFTAVGKEFNNLEKRMENLNKKVDDGFLDIWTYNAELLVLLENERTLDFHDLNVKNLYEKVKSQLKNNAKEIGNGCFEFYHKCDNECMESVRNGTYDYPKYSEESKLNREKIDGVKLESMGVYQILAIYSTVASSLVLLVSLGAISFWMCSNGSLQCRICI
A/blue-winged teal/Alberta/221/1978,H3,avian,CY185705.1,293-SA23,53530.0,15.48900462962963,MKTIIVLSYLFCLALSQNYSESNNSTATLCLGHHAVPNGTIVKTITDDQIEVTNATELVQSSSTGKICNNPHRILDGRDCTLIDALLGDPHCDVFQDETWDLYVERSSAFSNCYPYDVPDYASLRSLVASSGTLEFITEGFTWTGVTQNGGSNACKRGPASGFFSRLNWLTKSGSAYPVLNVTKPNNDNFDKLYVWGVHHPSTNQEQTNLYVQASGRVTVSTRRSQQTIIPNIGSRPWVRGQSGRISIYWTIVKPGDVLVINSNGNLIAPRGYFKMRTGKSSIMRSDAPIDTCISECITPNGSIPNDKPFQNVNKITYGACPKYVKQSTLKLATGMRNVPEKQTRGLFGAIAGFIENGWEGMIDGWYGFRHQNSEGTGQAADLKSTQAAIDQINGKLNRVIEKTNEKFHQIEKEFSEVEGRIQDLEKYVEDTKIDLWSYNAELLVALENQHTIDLTDSEMNKLFEKTRRQLRENAEDMGNGCFKIYHKCDNACIESIRNGTYDHDIYRDEALNNRFQIKGVELKSGYKDWILWISFAISCFLLCVVLLGFIMWACQRGNIRCNICI
A/blue-winged teal/Alberta/221/1978,H3,avian,CY185705.1,293-SA26,42790.0,12.38136574074074,MKTIIVLSYLFCLALSQNYSESNNSTATLCLGHHAVPNGTIVKTITDDQIEVTNATELVQSSSTGKICNNPHRILDGRDCTLIDALLGDPHCDVFQDETWDLYVERSSAFSNCYPYDVPDYASLRSLVASSGTLEFITEGFTWTGVTQNGGSNACKRGPASGFFSRLNWLTKSGSAYPVLNVTKPNNDNFDKLYVWGVHHPSTNQEQTNLYVQASGRVTVSTRRSQQTIIPNIGSRPWVRGQSGRISIYWTIVKPGDVLVINSNGNLIAPRGYFKMRTGKSSIMRSDAPIDTCISECITPNGSIPNDKPFQNVNKITYGACPKYVKQSTLKLATGMRNVPEKQTRGLFGAIAGFIENGWEGMIDGWYGFRHQNSEGTGQAADLKSTQAAIDQINGKLNRVIEKTNEKFHQIEKEFSEVEGRIQDLEKYVEDTKIDLWSYNAELLVALENQHTIDLTDSEMNKLFEKTRRQLRENAEDMGNGCFKIYHKCDNACIESIRNGTYDHDIYRDEALNNRFQIKGVELKSGYKDWILWISFAISCFLLCVVLLGFIMWACQRGNIRCNICI
A/blue-winged teal/Alberta/221/1978,H3,avian,CY185705.1,293-noSA-human-MHCII-0301,155720.0,45.057870370370374,MKTIIVLSYLFCLALSQNYSESNNSTATLCLGHHAVPNGTIVKTITDDQIEVTNATELVQSSSTGKICNNPHRILDGRDCTLIDALLGDPHCDVFQDETWDLYVERSSAFSNCYPYDVPDYASLRSLVASSGTLEFITEGFTWTGVTQNGGSNACKRGPASGFFSRLNWLTKSGSAYPVLNVTKPNNDNFDKLYVWGVHHPSTNQEQTNLYVQASGRVTVSTRRSQQTIIPNIGSRPWVRGQSGRISIYWTIVKPGDVLVINSNGNLIAPRGYFKMRTGKSSIMRSDAPIDTCISECITPNGSIPNDKPFQNVNKITYGACPKYVKQSTLKLATGMRNVPEKQTRGLFGAIAGFIENGWEGMIDGWYGFRHQNSEGTGQAADLKSTQAAIDQINGKLNRVIEKTNEKFHQIEKEFSEVEGRIQDLEKYVEDTKIDLWSYNAELLVALENQHTIDLTDSEMNKLFEKTRRQLRENAEDMGNGCFKIYHKCDNACIESIRNGTYDHDIYRDEALNNRFQIKGVELKSGYKDWILWISFAISCFLLCVVLLGFIMWACQRGNIRCNICI
A/blue-winged teal/Alberta/221/1978,H3,avian,CY185705.1,293-noSA-human-MHCII-1503,2496.9,0.7224826388888889,MKTIIVLSYLFCLALSQNYSESNNSTATLCLGHHAVPNGTIVKTITDDQIEVTNATELVQSSSTGKICNNPHRILDGRDCTLIDALLGDPHCDVFQDETWDLYVERSSAFSNCYPYDVPDYASLRSLVASSGTLEFITEGFTWTGVTQNGGSNACKRGPASGFFSRLNWLTKSGSAYPVLNVTKPNNDNFDKLYVWGVHHPSTNQEQTNLYVQASGRVTVSTRRSQQTIIPNIGSRPWVRGQSGRISIYWTIVKPGDVLVINSNGNLIAPRGYFKMRTGKSSIMRSDAPIDTCISECITPNGSIPNDKPFQNVNKITYGACPKYVKQSTLKLATGMRNVPEKQTRGLFGAIAGFIENGWEGMIDGWYGFRHQNSEGTGQAADLKSTQAAIDQINGKLNRVIEKTNEKFHQIEKEFSEVEGRIQDLEKYVEDTKIDLWSYNAELLVALENQHTIDLTDSEMNKLFEKTRRQLRENAEDMGNGCFKIYHKCDNACIESIRNGTYDHDIYRDEALNNRFQIKGVELKSGYKDWILWISFAISCFLLCVVLLGFIMWACQRGNIRCNICI
A/blue-winged teal/Alberta/221/1978,H3,avian,CY185705.1,293-noSA-tufted-duck-MHCII,1423.0,0.4117476851851852,MKTIIVLSYLFCLALSQNYSESNNSTATLCLGHHAVPNGTIVKTITDDQIEVTNATELVQSSSTGKICNNPHRILDGRDCTLIDALLGDPHCDVFQDETWDLYVERSSAFSNCYPYDVPDYASLRSLVASSGTLEFITEGFTWTGVTQNGGSNACKRGPASGFFSRLNWLTKSGSAYPVLNVTKPNNDNFDKLYVWGVHHPSTNQEQTNLYVQASGRVTVSTRRSQQTIIPNIGSRPWVRGQSGRISIYWTIVKPGDVLVINSNGNLIAPRGYFKMRTGKSSIMRSDAPIDTCISECITPNGSIPNDKPFQNVNKITYGACPKYVKQSTLKLATGMRNVPEKQTRGLFGAIAGFIENGWEGMIDGWYGFRHQNSEGTGQAADLKSTQAAIDQINGKLNRVIEKTNEKFHQIEKEFSEVEGRIQDLEKYVEDTKIDLWSYNAELLVALENQHTIDLTDSEMNKLFEKTRRQLRENAEDMGNGCFKIYHKCDNACIESIRNGTYDHDIYRDEALNNRFQIKGVELKSGYKDWILWISFAISCFLLCVVLLGFIMWACQRGNIRCNICI
A/duck/Buryatia/664-5465/1988,H3,avian,MK907683.1,293-SA23,838200.0,39.53400622582775,MKTIIALSYIFCLAFGQGLPGNDNSTATLCLGHHAVPNGTLVKTITDDQIEVTNATELVQSSSTGKICNNPHRILDGRDCTLIDALLGDPHCDVFQDETWDLFVERSSAFSNCYPYDVPDYASLRSLVASSGTLEFITEGFTWTGVTQNGGSNACKRGPASGFFSRLNWLTKSGSTYPVLNVTMPNNDNFDKLYIWGVHHPSTNQEQTNLYVQASGSVTVSTRRSQQTIIPNIGSRPWVRGQSGRISIYWTVVKPGDVLVINSNGNLIAPRGYFKMRTGKSSIMRSDAPIDTCISECITPNGSIPNDKPFQNVNKITYGACPKYVKQNTLKLATGMRNVPEKQTRGLFGAIAGFIENGWEGMIDGWYGFRHQNSEGTGQAADLKSTQAAIDQINGKLNRVIEKTNEKFHQIEKEFSEVEGRIQDLEKYVEDTKIDLWSYNAELLVALENQHTIDLTDSEMNKLFEKTKRQLRENAEDMGNGCFKIYHKCDNACIESIRNGTYDHDVYRDEALNNRFQIKGVELKSGYKDWILWISFAISCFLLCVVLLGFIMWACQRGNIRCNICI
A/duck/Buryatia/664-5465/1988,H3,avian,MK907683.1,293-SA26,789900.0,37.25591925290067,MKTIIALSYIFCLAFGQGLPGNDNSTATLCLGHHAVPNGTLVKTITDDQIEVTNATELVQSSSTGKICNNPHRILDGRDCTLIDALLGDPHCDVFQDETWDLFVERSSAFSNCYPYDVPDYASLRSLVASSGTLEFITEGFTWTGVTQNGGSNACKRGPASGFFSRLNWLTKSGSTYPVLNVTMPNNDNFDKLYIWGVHHPSTNQEQTNLYVQASGSVTVSTRRSQQTIIPNIGSRPWVRGQSGRISIYWTVVKPGDVLVINSNGNLIAPRGYFKMRTGKSSIMRSDAPIDTCISECITPNGSIPNDKPFQNVNKITYGACPKYVKQNTLKLATGMRNVPEKQTRGLFGAIAGFIENGWEGMIDGWYGFRHQNSEGTGQAADLKSTQAAIDQINGKLNRVIEKTNEKFHQIEKEFSEVEGRIQDLEKYVEDTKIDLWSYNAELLVALENQHTIDLTDSEMNKLFEKTKRQLRENAEDMGNGCFKIYHKCDNACIESIRNGTYDHDVYRDEALNNRFQIKGVELKSGYKDWILWISFAISCFLLCVVLLGFIMWACQRGNIRCNICI
A/duck/Buryatia/664-5465/1988,H3,avian,MK907683.1,293-noSA-human-MHCII-0301,1583700.0,74.69578341665881,MKTIIALSYIFCLAFGQGLPGNDNSTATLCLGHHAVPNGTLVKTITDDQIEVTNATELVQSSSTGKICNNPHRILDGRDCTLIDALLGDPHCDVFQDETWDLFVERSSAFSNCYPYDVPDYASLRSLVASSGTLEFITEGFTWTGVTQNGGSNACKRGPASGFFSRLNWLTKSGSTYPVLNVTMPNNDNFDKLYIWGVHHPSTNQEQTNLYVQASGSVTVSTRRSQQTIIPNIGSRPWVRGQSGRISIYWTVVKPGDVLVINSNGNLIAPRGYFKMRTGKSSIMRSDAPIDTCISECITPNGSIPNDKPFQNVNKITYGACPKYVKQNTLKLATGMRNVPEKQTRGLFGAIAGFIENGWEGMIDGWYGFRHQNSEGTGQAADLKSTQAAIDQINGKLNRVIEKTNEKFHQIEKEFSEVEGRIQDLEKYVEDTKIDLWSYNAELLVALENQHTIDLTDSEMNKLFEKTKRQLRENAEDMGNGCFKIYHKCDNACIESIRNGTYDHDVYRDEALNNRFQIKGVELKSGYKDWILWISFAISCFLLCVVLLGFIMWACQRGNIRCNICI
A/duck/Buryatia/664-5465/1988,H3,avian,MK907683.1,293-noSA-human-MHCII-1503,25780.0,1.2159230261296103,MKTIIALSYIFCLAFGQGLPGNDNSTATLCLGHHAVPNGTLVKTITDDQIEVTNATELVQSSSTGKICNNPHRILDGRDCTLIDALLGDPHCDVFQDETWDLFVERSSAFSNCYPYDVPDYASLRSLVASSGTLEFITEGFTWTGVTQNGGSNACKRGPASGFFSRLNWLTKSGSTYPVLNVTMPNNDNFDKLYIWGVHHPSTNQEQTNLYVQASGSVTVSTRRSQQTIIPNIGSRPWVRGQSGRISIYWTVVKPGDVLVINSNGNLIAPRGYFKMRTGKSSIMRSDAPIDTCISECITPNGSIPNDKPFQNVNKITYGACPKYVKQNTLKLATGMRNVPEKQTRGLFGAIAGFIENGWEGMIDGWYGFRHQNSEGTGQAADLKSTQAAIDQINGKLNRVIEKTNEKFHQIEKEFSEVEGRIQDLEKYVEDTKIDLWSYNAELLVALENQHTIDLTDSEMNKLFEKTKRQLRENAEDMGNGCFKIYHKCDNACIESIRNGTYDHDVYRDEALNNRFQIKGVELKSGYKDWILWISFAISCFLLCVVLLGFIMWACQRGNIRCNICI
A/duck/Buryatia/664-5465/1988,H3,avian,MK907683.1,293-noSA-tufted-duck-MHCII,16299.0,0.7687482312989341,MKTIIALSYIFCLAFGQGLPGNDNSTATLCLGHHAVPNGTLVKTITDDQIEVTNATELVQSSSTGKICNNPHRILDGRDCTLIDALLGDPHCDVFQDETWDLFVERSSAFSNCYPYDVPDYASLRSLVASSGTLEFITEGFTWTGVTQNGGSNACKRGPASGFFSRLNWLTKSGSTYPVLNVTMPNNDNFDKLYIWGVHHPSTNQEQTNLYVQASGSVTVSTRRSQQTIIPNIGSRPWVRGQSGRISIYWTVVKPGDVLVINSNGNLIAPRGYFKMRTGKSSIMRSDAPIDTCISECITPNGSIPNDKPFQNVNKITYGACPKYVKQNTLKLATGMRNVPEKQTRGLFGAIAGFIENGWEGMIDGWYGFRHQNSEGTGQAADLKSTQAAIDQINGKLNRVIEKTNEKFHQIEKEFSEVEGRIQDLEKYVEDTKIDLWSYNAELLVALENQHTIDLTDSEMNKLFEKTKRQLRENAEDMGNGCFKIYHKCDNACIESIRNGTYDHDVYRDEALNNRFQIKGVELKSGYKDWILWISFAISCFLLCVVLLGFIMWACQRGNIRCNICI
A/herring gull/DE/698/1988,H2,avian,CY003907.1,293-SA23,3508.0,42.15839442374714,MAIIYLILLFTAVRGDQICIGYHSNNSTEKVDTILERNVTVTHAQDILEKTHNGKLCKLNGIPPLELRDCSIAGWLLGNPECDILLTVPEWSYIIEKENPRNGLCYPGSFNDYEELKHLISSVTHFEKVKILPRNEWTQHTTTGGSQACAAYGGPSFFRNMVWLTKKGSNYPIAKRSYNNTSGEQMLIIWGIHHPNDESEQRALYQNVGTYVSVGTSTLNKRSIPEIATRPKVNGQGGRMEFSWTILDIWDTINFESTGNLIAPEYGFKISKRGSSGIMKTEGKLENCETKCQTPLGAINTTLPFHNIHPLTIGECPKYVKSERLVLATGLRNVPQIESRGLFGAIAGFIEGGWQGMVDGWYGYHHSNDQGSGYAADKESTQKAIDGITNKVNSVIEKINTQFEAVGKEFSNLERRLENLNKKMEDGFLDVWTYNAELLVLMENERTLDFHDSNVKNLYDKVRMQLRDNAKELGNGCFEFYHKCDDECMNSVKNGTYDYSKYEEESKLNRTEIKGVKLSNMGVYQILAIYATVAGSLSLAIMIAGISIWMCSNGSLQCRICI
A/herring gull/DE/698/1988,H2,avian,CY003907.1,293-SA26,226.32,2.7198654007931737,MAIIYLILLFTAVRGDQICIGYHSNNSTEKVDTILERNVTVTHAQDILEKTHNGKLCKLNGIPPLELRDCSIAGWLLGNPECDILLTVPEWSYIIEKENPRNGLCYPGSFNDYEELKHLISSVTHFEKVKILPRNEWTQHTTTGGSQACAAYGGPSFFRNMVWLTKKGSNYPIAKRSYNNTSGEQMLIIWGIHHPNDESEQRALYQNVGTYVSVGTSTLNKRSIPEIATRPKVNGQGGRMEFSWTILDIWDTINFESTGNLIAPEYGFKISKRGSSGIMKTEGKLENCETKCQTPLGAINTTLPFHNIHPLTIGECPKYVKSERLVLATGLRNVPQIESRGLFGAIAGFIEGGWQGMVDGWYGYHHSNDQGSGYAADKESTQKAIDGITNKVNSVIEKINTQFEAVGKEFSNLERRLENLNKKMEDGFLDVWTYNAELLVLMENERTLDFHDSNVKNLYDKVRMQLRDNAKELGNGCFEFYHKCDDECMNSVKNGTYDYSKYEEESKLNRTEIKGVKLSNMGVYQILAIYATVAGSLSLAIMIAGISIWMCSNGSLQCRICI
A/herring gull/DE/698/1988,H2,avian,CY003907.1,293-noSA-human-MHCII-0301,15045.0,180.8075952409566,MAIIYLILLFTAVRGDQICIGYHSNNSTEKVDTILERNVTVTHAQDILEKTHNGKLCKLNGIPPLELRDCSIAGWLLGNPECDILLTVPEWSYIIEKENPRNGLCYPGSFNDYEELKHLISSVTHFEKVKILPRNEWTQHTTTGGSQACAAYGGPSFFRNMVWLTKKGSNYPIAKRSYNNTSGEQMLIIWGIHHPNDESEQRALYQNVGTYVSVGTSTLNKRSIPEIATRPKVNGQGGRMEFSWTILDIWDTINFESTGNLIAPEYGFKISKRGSSGIMKTEGKLENCETKCQTPLGAINTTLPFHNIHPLTIGECPKYVKSERLVLATGLRNVPQIESRGLFGAIAGFIEGGWQGMVDGWYGYHHSNDQGSGYAADKESTQKAIDGITNKVNSVIEKINTQFEAVGKEFSNLERRLENLNKKMEDGFLDVWTYNAELLVLMENERTLDFHDSNVKNLYDKVRMQLRDNAKELGNGCFEFYHKCDDECMNSVKNGTYDYSKYEEESKLNRTEIKGVKLSNMGVYQILAIYATVAGSLSLAIMIAGISIWMCSNGSLQCRICI
A/herring gull/DE/698/1988,H2,avian,CY003907.1,293-noSA-human-MHCII-1503,20909.0,251.27989424348033,MAIIYLILLFTAVRGDQICIGYHSNNSTEKVDTILERNVTVTHAQDILEKTHNGKLCKLNGIPPLELRDCSIAGWLLGNPECDILLTVPEWSYIIEKENPRNGLCYPGSFNDYEELKHLISSVTHFEKVKILPRNEWTQHTTTGGSQACAAYGGPSFFRNMVWLTKKGSNYPIAKRSYNNTSGEQMLIIWGIHHPNDESEQRALYQNVGTYVSVGTSTLNKRSIPEIATRPKVNGQGGRMEFSWTILDIWDTINFESTGNLIAPEYGFKISKRGSSGIMKTEGKLENCETKCQTPLGAINTTLPFHNIHPLTIGECPKYVKSERLVLATGLRNVPQIESRGLFGAIAGFIEGGWQGMVDGWYGYHHSNDQGSGYAADKESTQKAIDGITNKVNSVIEKINTQFEAVGKEFSNLERRLENLNKKMEDGFLDVWTYNAELLVLMENERTLDFHDSNVKNLYDKVRMQLRDNAKELGNGCFEFYHKCDDECMNSVKNGTYDYSKYEEESKLNRTEIKGVKLSNMGVYQILAIYATVAGSLSLAIMIAGISIWMCSNGSLQCRICI
A/herring gull/DE/698/1988,H2,avian,CY003907.1,293-noSA-tufted-duck-MHCII,331400.0,3982.694387693786,MAIIYLILLFTAVRGDQICIGYHSNNSTEKVDTILERNVTVTHAQDILEKTHNGKLCKLNGIPPLELRDCSIAGWLLGNPECDILLTVPEWSYIIEKENPRNGLCYPGSFNDYEELKHLISSVTHFEKVKILPRNEWTQHTTTGGSQACAAYGGPSFFRNMVWLTKKGSNYPIAKRSYNNTSGEQMLIIWGIHHPNDESEQRALYQNVGTYVSVGTSTLNKRSIPEIATRPKVNGQGGRMEFSWTILDIWDTINFESTGNLIAPEYGFKISKRGSSGIMKTEGKLENCETKCQTPLGAINTTLPFHNIHPLTIGECPKYVKSERLVLATGLRNVPQIESRGLFGAIAGFIEGGWQGMVDGWYGYHHSNDQGSGYAADKESTQKAIDGITNKVNSVIEKINTQFEAVGKEFSNLERRLENLNKKMEDGFLDVWTYNAELLVLMENERTLDFHDSNVKNLYDKVRMQLRDNAKELGNGCFEFYHKCDDECMNSVKNGTYDYSKYEEESKLNRTEIKGVKLSNMGVYQILAIYATVAGSLSLAIMIAGISIWMCSNGSLQCRICI
A/mallard duck/Alberta/282/1977,H1,avian,MK787452.1,293-SA23,56110.0,623.3059320151077,MEAKLFVLFCTFTVLKADTICVGYHANNSTDTVDTVLEKNVTVTHSVNLLEDSHNGKLCSLNGIAPLQLGKCNVAGWLLGNPECDLLLTANSWSYIIETSNSENGTCYPGEFIDYEELREQLSSVSSFEKFEIFPKASSWPNHETTKGVTAACPYSGASSFYRNLLWIIKKGTSYPKLSKSYTNNKGKEVLVLWGVHHPPTVDEQQSLYQNADAYVSVGSSKYNRRFTPEIAARPMVRGQAGRMNYYWTLLDQGDTITFEATGNLIAPWYAFALNKGSDSGIITSDAPVHNCDTRCQTPHGALNSSLPFQNVHPITIGECPKYVKSTKLRMATGLRNVPSIQSRGLFGAIAGFIEGGWTGMIDGWYGYHHQNEQGSGYAADQKSTQNAIDGITNKVNSVIEKMNTQFTAVGKEFNNLERRIENLNKKVDDGFLDVWTYNAELLVLLENERTLDFHDSNVRNLYEKVKSQLRNNAKELGNGCFEFYHKCDDECMESVKNGTYDYPKYSEESKLNREEIDGVKLESMGVYQILAIYSTVASSLVLLVSLGAISFWMCSNGSLQCRICI
A/mallard duck/Alberta/282/1977,H1,avian,MK787452.1,293-SA26,11809.0,131.1819595645412,MEAKLFVLFCTFTVLKADTICVGYHANNSTDTVDTVLEKNVTVTHSVNLLEDSHNGKLCSLNGIAPLQLGKCNVAGWLLGNPECDLLLTANSWSYIIETSNSENGTCYPGEFIDYEELREQLSSVSSFEKFEIFPKASSWPNHETTKGVTAACPYSGASSFYRNLLWIIKKGTSYPKLSKSYTNNKGKEVLVLWGVHHPPTVDEQQSLYQNADAYVSVGSSKYNRRFTPEIAARPMVRGQAGRMNYYWTLLDQGDTITFEATGNLIAPWYAFALNKGSDSGIITSDAPVHNCDTRCQTPHGALNSSLPFQNVHPITIGECPKYVKSTKLRMATGLRNVPSIQSRGLFGAIAGFIEGGWTGMIDGWYGYHHQNEQGSGYAADQKSTQNAIDGITNKVNSVIEKMNTQFTAVGKEFNNLERRIENLNKKVDDGFLDVWTYNAELLVLLENERTLDFHDSNVRNLYEKVKSQLRNNAKELGNGCFEFYHKCDDECMESVKNGTYDYPKYSEESKLNREEIDGVKLESMGVYQILAIYSTVASSLVLLVSLGAISFWMCSNGSLQCRICI
A/mallard duck/Alberta/282/1977,H1,avian,MK787452.1,293-noSA-human-MHCII-0301,229700.0,2551.6551877360585,MEAKLFVLFCTFTVLKADTICVGYHANNSTDTVDTVLEKNVTVTHSVNLLEDSHNGKLCSLNGIAPLQLGKCNVAGWLLGNPECDLLLTANSWSYIIETSNSENGTCYPGEFIDYEELREQLSSVSSFEKFEIFPKASSWPNHETTKGVTAACPYSGASSFYRNLLWIIKKGTSYPKLSKSYTNNKGKEVLVLWGVHHPPTVDEQQSLYQNADAYVSVGSSKYNRRFTPEIAARPMVRGQAGRMNYYWTLLDQGDTITFEATGNLIAPWYAFALNKGSDSGIITSDAPVHNCDTRCQTPHGALNSSLPFQNVHPITIGECPKYVKSTKLRMATGLRNVPSIQSRGLFGAIAGFIEGGWTGMIDGWYGYHHQNEQGSGYAADQKSTQNAIDGITNKVNSVIEKMNTQFTAVGKEFNNLERRIENLNKKVDDGFLDVWTYNAELLVLLENERTLDFHDSNVRNLYEKVKSQLRNNAKELGNGCFEFYHKCDDECMESVKNGTYDYPKYSEESKLNREEIDGVKLESMGVYQILAIYSTVASSLVLLVSLGAISFWMCSNGSLQCRICI
A/mallard duck/Alberta/282/1977,H1,avian,MK787452.1,293-noSA-human-MHCII-1503,906200.0,10066.6518551433,MEAKLFVLFCTFTVLKADTICVGYHANNSTDTVDTVLEKNVTVTHSVNLLEDSHNGKLCSLNGIAPLQLGKCNVAGWLLGNPECDLLLTANSWSYIIETSNSENGTCYPGEFIDYEELREQLSSVSSFEKFEIFPKASSWPNHETTKGVTAACPYSGASSFYRNLLWIIKKGTSYPKLSKSYTNNKGKEVLVLWGVHHPPTVDEQQSLYQNADAYVSVGSSKYNRRFTPEIAARPMVRGQAGRMNYYWTLLDQGDTITFEATGNLIAPWYAFALNKGSDSGIITSDAPVHNCDTRCQTPHGALNSSLPFQNVHPITIGECPKYVKSTKLRMATGLRNVPSIQSRGLFGAIAGFIEGGWTGMIDGWYGYHHQNEQGSGYAADQKSTQNAIDGITNKVNSVIEKMNTQFTAVGKEFNNLERRIENLNKKVDDGFLDVWTYNAELLVLLENERTLDFHDSNVRNLYEKVKSQLRNNAKELGNGCFEFYHKCDDECMESVKNGTYDYPKYSEESKLNREEIDGVKLESMGVYQILAIYSTVASSLVLLVSLGAISFWMCSNGSLQCRICI
A/mallard duck/Alberta/282/1977,H1,avian,MK787452.1,293-noSA-tufted-duck-MHCII,10586000.0,117596.08975783158,MEAKLFVLFCTFTVLKADTICVGYHANNSTDTVDTVLEKNVTVTHSVNLLEDSHNGKLCSLNGIAPLQLGKCNVAGWLLGNPECDLLLTANSWSYIIETSNSENGTCYPGEFIDYEELREQLSSVSSFEKFEIFPKASSWPNHETTKGVTAACPYSGASSFYRNLLWIIKKGTSYPKLSKSYTNNKGKEVLVLWGVHHPPTVDEQQSLYQNADAYVSVGSSKYNRRFTPEIAARPMVRGQAGRMNYYWTLLDQGDTITFEATGNLIAPWYAFALNKGSDSGIITSDAPVHNCDTRCQTPHGALNSSLPFQNVHPITIGECPKYVKSTKLRMATGLRNVPSIQSRGLFGAIAGFIEGGWTGMIDGWYGYHHQNEQGSGYAADQKSTQNAIDGITNKVNSVIEKMNTQFTAVGKEFNNLERRIENLNKKVDDGFLDVWTYNAELLVLLENERTLDFHDSNVRNLYEKVKSQLRNNAKELGNGCFEFYHKCDDECMESVKNGTYDYPKYSEESKLNREEIDGVKLESMGVYQILAIYSTVASSLVLLVSLGAISFWMCSNGSLQCRICI
A/mallard/Alberta/33/2001,H2,avian,CY117381.1,293-SA23,396.9,2.745952677459526,MTITFLILLFTVVKGDQICIGYHANNSTEKVDTILERNVTVTHAKDILEKTHNGKLCKLSGIPPLELGDCSIAGWLLGNPECDRLLSVPEWSYIVEKENPANGLCYPGSFNDYEELKHLLTSVTHFEKVRIMPRDQWTQHTTTGGSRACAVSGNPSFFRNMVWLTKKGSNYPTAKRSYNNTSGEQMLVIWGVHHPNDDTEQRTLYQNVGTYVSVGTSTLNKRSTPEIATRPKVNGQGGRMEFSWTLLEPWDVINFESTGNLIAPEYGFKISKRGSSGIMKTEKTLENCETKCQTPLGAINTTLPFHNIHPLTIGECPKYVKSDRLVLATGLRNVPQIESRGLFGAIAGFIEGGWQGMVDGWYGYHHSNDQGSGYAADKESTQKAIDGITNKVNSVIEKMNTQFEAAGKEFNNLERRLENLNKKMEDGFLDVWTYNAELLVLMENERTLDFHDSNVKNLYDKVRMQLRDNAKEIGNGCFEFYHKCDDECMDSVRNGTYDYPKYEEESKLNRNEIKGVKLSNMGVYQILAIYATVAGSLSLAIMIAGISFWMCSNGSLQCRICI
A/mallard/Alberta/33/2001,H2,avian,CY117381.1,293-SA26,318.6,2.204234122042341,MTITFLILLFTVVKGDQICIGYHANNSTEKVDTILERNVTVTHAKDILEKTHNGKLCKLSGIPPLELGDCSIAGWLLGNPECDRLLSVPEWSYIVEKENPANGLCYPGSFNDYEELKHLLTSVTHFEKVRIMPRDQWTQHTTTGGSRACAVSGNPSFFRNMVWLTKKGSNYPTAKRSYNNTSGEQMLVIWGVHHPNDDTEQRTLYQNVGTYVSVGTSTLNKRSTPEIATRPKVNGQGGRMEFSWTLLEPWDVINFESTGNLIAPEYGFKISKRGSSGIMKTEKTLENCETKCQTPLGAINTTLPFHNIHPLTIGECPKYVKSDRLVLATGLRNVPQIESRGLFGAIAGFIEGGWQGMVDGWYGYHHSNDQGSGYAADKESTQKAIDGITNKVNSVIEKMNTQFEAAGKEFNNLERRLENLNKKMEDGFLDVWTYNAELLVLMENERTLDFHDSNVKNLYDKVRMQLRDNAKEIGNGCFEFYHKCDDECMDSVRNGTYDYPKYEEESKLNRNEIKGVKLSNMGVYQILAIYATVAGSLSLAIMIAGISFWMCSNGSLQCRICI
A/mallard/Alberta/33/2001,H2,avian,CY117381.1,293-noSA-human-MHCII-0301,9296.0,64.31437664314376,MTITFLILLFTVVKGDQICIGYHANNSTEKVDTILERNVTVTHAKDILEKTHNGKLCKLSGIPPLELGDCSIAGWLLGNPECDRLLSVPEWSYIVEKENPANGLCYPGSFNDYEELKHLLTSVTHFEKVRIMPRDQWTQHTTTGGSRACAVSGNPSFFRNMVWLTKKGSNYPTAKRSYNNTSGEQMLVIWGVHHPNDDTEQRTLYQNVGTYVSVGTSTLNKRSTPEIATRPKVNGQGGRMEFSWTLLEPWDVINFESTGNLIAPEYGFKISKRGSSGIMKTEKTLENCETKCQTPLGAINTTLPFHNIHPLTIGECPKYVKSDRLVLATGLRNVPQIESRGLFGAIAGFIEGGWQGMVDGWYGYHHSNDQGSGYAADKESTQKAIDGITNKVNSVIEKMNTQFEAAGKEFNNLERRLENLNKKMEDGFLDVWTYNAELLVLMENERTLDFHDSNVKNLYDKVRMQLRDNAKEIGNGCFEFYHKCDDECMDSVRNGTYDYPKYEEESKLNRNEIKGVKLSNMGVYQILAIYATVAGSLSLAIMIAGISFWMCSNGSLQCRICI
A/mallard/Alberta/33/2001,H2,avian,CY117381.1,293-noSA-human-MHCII-1503,62120.0,429.7772242977722,MTITFLILLFTVVKGDQICIGYHANNSTEKVDTILERNVTVTHAKDILEKTHNGKLCKLSGIPPLELGDCSIAGWLLGNPECDRLLSVPEWSYIVEKENPANGLCYPGSFNDYEELKHLLTSVTHFEKVRIMPRDQWTQHTTTGGSRACAVSGNPSFFRNMVWLTKKGSNYPTAKRSYNNTSGEQMLVIWGVHHPNDDTEQRTLYQNVGTYVSVGTSTLNKRSTPEIATRPKVNGQGGRMEFSWTLLEPWDVINFESTGNLIAPEYGFKISKRGSSGIMKTEKTLENCETKCQTPLGAINTTLPFHNIHPLTIGECPKYVKSDRLVLATGLRNVPQIESRGLFGAIAGFIEGGWQGMVDGWYGYHHSNDQGSGYAADKESTQKAIDGITNKVNSVIEKMNTQFEAAGKEFNNLERRLENLNKKMEDGFLDVWTYNAELLVLMENERTLDFHDSNVKNLYDKVRMQLRDNAKEIGNGCFEFYHKCDDECMDSVRNGTYDYPKYEEESKLNRNEIKGVKLSNMGVYQILAIYATVAGSLSLAIMIAGISFWMCSNGSLQCRICI
A/mallard/Alberta/33/2001,H2,avian,CY117381.1,293-noSA-tufted-duck-MHCII,2290000.0,15843.36515843365,MTITFLILLFTVVKGDQICIGYHANNSTEKVDTILERNVTVTHAKDILEKTHNGKLCKLSGIPPLELGDCSIAGWLLGNPECDRLLSVPEWSYIVEKENPANGLCYPGSFNDYEELKHLLTSVTHFEKVRIMPRDQWTQHTTTGGSRACAVSGNPSFFRNMVWLTKKGSNYPTAKRSYNNTSGEQMLVIWGVHHPNDDTEQRTLYQNVGTYVSVGTSTLNKRSTPEIATRPKVNGQGGRMEFSWTLLEPWDVINFESTGNLIAPEYGFKISKRGSSGIMKTEKTLENCETKCQTPLGAINTTLPFHNIHPLTIGECPKYVKSDRLVLATGLRNVPQIESRGLFGAIAGFIEGGWQGMVDGWYGYHHSNDQGSGYAADKESTQKAIDGITNKVNSVIEKMNTQFEAAGKEFNNLERRLENLNKKMEDGFLDVWTYNAELLVLMENERTLDFHDSNVKNLYDKVRMQLRDNAKEIGNGCFEFYHKCDDECMDSVRNGTYDYPKYEEESKLNRNEIKGVKLSNMGVYQILAIYATVAGSLSLAIMIAGISFWMCSNGSLQCRICI
A/mallard/Alberta/77/1977,H2,avian,CY003847.1,293-SA23,735.4,8.643629525152797,MTITFLILLFTVVKGDQICIGYHANNSTEKVDTILERNITVTHAKDILEKTHNGKLCRLSGIPPLELGDCSIAGWLLGNPECDRLLSVPEWSYIVEKENPTNGLCYPGNFNDYEELKHLLTSVTHFEKIKILPRDQWTQHTTTGGSRACAVSGNPSFFRNMVWLTKKGSNYPVAKRSYNNTSGEQMLIIWGIHHPNDDTEQRTLYQNVGTYVSVGTSTVNKRSIPEIATRPKVNGQGGRMEFSWTLLETWDVINFESTGNLIAPEYGFKISKRGSSGIMKTEKTLENCETKCQTPLGAINTTLPFHNIHPLTIGECPKYVKSDRLVLATGLRNVPQIESKGLFGAIAGFIEGGWQGMIDGWYGYHHSNDQGSGYAADKESTQKAIDGITNKVNSVIEKMNTQFEAVGKEFNNLERRLENLNKKMEDGFLDVWTYNAELLVLMENERTLDFHDSNVKNLYDKVRMQLRDNAKEIGNGCFEFYHKCDDECMNSIRNGTYDYPKYEEESKLNRNEIKGVKLSNMGVYQILAIYATVAGSLSLAIMIAGISFWMCSNGSLQCRICI
A/mallard/Alberta/77/1977,H2,avian,CY003847.1,293-SA26,244.8,2.877291960507757,MTITFLILLFTVVKGDQICIGYHANNSTEKVDTILERNITVTHAKDILEKTHNGKLCRLSGIPPLELGDCSIAGWLLGNPECDRLLSVPEWSYIVEKENPTNGLCYPGNFNDYEELKHLLTSVTHFEKIKILPRDQWTQHTTTGGSRACAVSGNPSFFRNMVWLTKKGSNYPVAKRSYNNTSGEQMLIIWGIHHPNDDTEQRTLYQNVGTYVSVGTSTVNKRSIPEIATRPKVNGQGGRMEFSWTLLETWDVINFESTGNLIAPEYGFKISKRGSSGIMKTEKTLENCETKCQTPLGAINTTLPFHNIHPLTIGECPKYVKSDRLVLATGLRNVPQIESKGLFGAIAGFIEGGWQGMIDGWYGYHHSNDQGSGYAADKESTQKAIDGITNKVNSVIEKMNTQFEAVGKEFNNLERRLENLNKKMEDGFLDVWTYNAELLVLMENERTLDFHDSNVKNLYDKVRMQLRDNAKEIGNGCFEFYHKCDDECMNSIRNGTYDYPKYEEESKLNRNEIKGVKLSNMGVYQILAIYATVAGSLSLAIMIAGISFWMCSNGSLQCRICI
A/mallard/Alberta/77/1977,H2,avian,CY003847.1,293-noSA-human-MHCII-0301,3028.0,35.590032910202154,MTITFLILLFTVVKGDQICIGYHANNSTEKVDTILERNITVTHAKDILEKTHNGKLCRLSGIPPLELGDCSIAGWLLGNPECDRLLSVPEWSYIVEKENPTNGLCYPGNFNDYEELKHLLTSVTHFEKIKILPRDQWTQHTTTGGSRACAVSGNPSFFRNMVWLTKKGSNYPVAKRSYNNTSGEQMLIIWGIHHPNDDTEQRTLYQNVGTYVSVGTSTVNKRSIPEIATRPKVNGQGGRMEFSWTLLETWDVINFESTGNLIAPEYGFKISKRGSSGIMKTEKTLENCETKCQTPLGAINTTLPFHNIHPLTIGECPKYVKSDRLVLATGLRNVPQIESKGLFGAIAGFIEGGWQGMIDGWYGYHHSNDQGSGYAADKESTQKAIDGITNKVNSVIEKMNTQFEAVGKEFNNLERRLENLNKKMEDGFLDVWTYNAELLVLMENERTLDFHDSNVKNLYDKVRMQLRDNAKEIGNGCFEFYHKCDDECMNSIRNGTYDYPKYEEESKLNRNEIKGVKLSNMGVYQILAIYATVAGSLSLAIMIAGISFWMCSNGSLQCRICI
A/mallard/Alberta/77/1977,H2,avian,CY003847.1,293-noSA-human-MHCII-1503,27880.0,327.6915843911612,MTITFLILLFTVVKGDQICIGYHANNSTEKVDTILERNITVTHAKDILEKTHNGKLCRLSGIPPLELGDCSIAGWLLGNPECDRLLSVPEWSYIVEKENPTNGLCYPGNFNDYEELKHLLTSVTHFEKIKILPRDQWTQHTTTGGSRACAVSGNPSFFRNMVWLTKKGSNYPVAKRSYNNTSGEQMLIIWGIHHPNDDTEQRTLYQNVGTYVSVGTSTVNKRSIPEIATRPKVNGQGGRMEFSWTLLETWDVINFESTGNLIAPEYGFKISKRGSSGIMKTEKTLENCETKCQTPLGAINTTLPFHNIHPLTIGECPKYVKSDRLVLATGLRNVPQIESKGLFGAIAGFIEGGWQGMIDGWYGYHHSNDQGSGYAADKESTQKAIDGITNKVNSVIEKMNTQFEAVGKEFNNLERRLENLNKKMEDGFLDVWTYNAELLVLMENERTLDFHDSNVKNLYDKVRMQLRDNAKEIGNGCFEFYHKCDDECMNSIRNGTYDYPKYEEESKLNRNEIKGVKLSNMGVYQILAIYATVAGSLSLAIMIAGISFWMCSNGSLQCRICI
A/mallard/Alberta/77/1977,H2,avian,CY003847.1,293-noSA-tufted-duck-MHCII,155840.0,1831.6878232251995,MTITFLILLFTVVKGDQICIGYHANNSTEKVDTILERNITVTHAKDILEKTHNGKLCRLSGIPPLELGDCSIAGWLLGNPECDRLLSVPEWSYIVEKENPTNGLCYPGNFNDYEELKHLLTSVTHFEKIKILPRDQWTQHTTTGGSRACAVSGNPSFFRNMVWLTKKGSNYPVAKRSYNNTSGEQMLIIWGIHHPNDDTEQRTLYQNVGTYVSVGTSTVNKRSIPEIATRPKVNGQGGRMEFSWTLLETWDVINFESTGNLIAPEYGFKISKRGSSGIMKTEKTLENCETKCQTPLGAINTTLPFHNIHPLTIGECPKYVKSDRLVLATGLRNVPQIESKGLFGAIAGFIEGGWQGMIDGWYGYHHSNDQGSGYAADKESTQKAIDGITNKVNSVIEKMNTQFEAVGKEFNNLERRLENLNKKMEDGFLDVWTYNAELLVLMENERTLDFHDSNVKNLYDKVRMQLRDNAKEIGNGCFEFYHKCDDECMNSIRNGTYDYPKYEEESKLNRNEIKGVKLSNMGVYQILAIYATVAGSLSLAIMIAGISFWMCSNGSLQCRICI
A/swine/Guangdong/01/2008,H1,swine,CY091729.1,293-SA23,11267.0,18.21370837374717,MKAILVFLLYTFATANADTLCIGYHANNSTDTVDTVLEKNVTVTHSVNLLEDRHNGKLCKLRGVAPLHLGKCNIAGWLLGNPECELLFTASSWSYIVETSNSDNGTCYPGDFINYEELREQLSSVSSFERFEMFPKSSSWPNHETNRGVTAACPYAGANSFYRNLIWLVKKEDSYPKLSKSYINNKEKEVLVLWGIHHPPTSADQQSLYQNADAYVFVGSSKYNKKFRPEIAARPKVRGQTGRMNYYWTLVEPGDTITFEATGNLVVPRYAFAMKRGSGSGIIISDTPVHDCNTTCQTPKGAINTSLPFQNIHPVTIGECPKYVKSTNLRMATGLRNIPSIQSRGLFGAIAGFIEGGWTGMIDGWYGYHHQNEQGSGYAADRKSTQNAIDGITNKVNSVIEKMNTQFTAVGKEFNHLEKRIENLNKKVDDGLLDVWTYNAELLVLLENERTLDYHDSNVKNLYEKVRSQLKNNAKEIGNGCFEFYHKCDDTCMESVRNGTYDYPKYSEEAKLNREEIDGVKLESTRIYQILAIYSTVASSLVLLVSLGAISFWMCSNGSLQCRICI
A/swine/Guangdong/01/2008,H1,swine,CY091729.1,293-SA26,607700.0,982.3795667636598,MKAILVFLLYTFATANADTLCIGYHANNSTDTVDTVLEKNVTVTHSVNLLEDRHNGKLCKLRGVAPLHLGKCNIAGWLLGNPECELLFTASSWSYIVETSNSDNGTCYPGDFINYEELREQLSSVSSFERFEMFPKSSSWPNHETNRGVTAACPYAGANSFYRNLIWLVKKEDSYPKLSKSYINNKEKEVLVLWGIHHPPTSADQQSLYQNADAYVFVGSSKYNKKFRPEIAARPKVRGQTGRMNYYWTLVEPGDTITFEATGNLVVPRYAFAMKRGSGSGIIISDTPVHDCNTTCQTPKGAINTSLPFQNIHPVTIGECPKYVKSTNLRMATGLRNIPSIQSRGLFGAIAGFIEGGWTGMIDGWYGYHHQNEQGSGYAADRKSTQNAIDGITNKVNSVIEKMNTQFTAVGKEFNHLEKRIENLNKKVDDGLLDVWTYNAELLVLLENERTLDYHDSNVKNLYEKVRSQLKNNAKEIGNGCFEFYHKCDDTCMESVRNGTYDYPKYSEEAKLNREEIDGVKLESTRIYQILAIYSTVASSLVLLVSLGAISFWMCSNGSLQCRICI
A/swine/Guangdong/01/2008,H1,swine,CY091729.1,293-noSA-human-MHCII-0301,14742.0,23.831231813773034,MKAILVFLLYTFATANADTLCIGYHANNSTDTVDTVLEKNVTVTHSVNLLEDRHNGKLCKLRGVAPLHLGKCNIAGWLLGNPECELLFTASSWSYIVETSNSDNGTCYPGDFINYEELREQLSSVSSFERFEMFPKSSSWPNHETNRGVTAACPYAGANSFYRNLIWLVKKEDSYPKLSKSYINNKEKEVLVLWGIHHPPTSADQQSLYQNADAYVFVGSSKYNKKFRPEIAARPKVRGQTGRMNYYWTLVEPGDTITFEATGNLVVPRYAFAMKRGSGSGIIISDTPVHDCNTTCQTPKGAINTSLPFQNIHPVTIGECPKYVKSTNLRMATGLRNIPSIQSRGLFGAIAGFIEGGWTGMIDGWYGYHHQNEQGSGYAADRKSTQNAIDGITNKVNSVIEKMNTQFTAVGKEFNHLEKRIENLNKKVDDGLLDVWTYNAELLVLLENERTLDYHDSNVKNLYEKVRSQLKNNAKEIGNGCFEFYHKCDDTCMESVRNGTYDYPKYSEEAKLNREEIDGVKLESTRIYQILAIYSTVASSLVLLVSLGAISFWMCSNGSLQCRICI
A/swine/Guangdong/01/2008,H1,swine,CY091729.1,293-noSA-human-MHCII-1503,403.2,0.6517943743937924,MKAILVFLLYTFATANADTLCIGYHANNSTDTVDTVLEKNVTVTHSVNLLEDRHNGKLCKLRGVAPLHLGKCNIAGWLLGNPECELLFTASSWSYIVETSNSDNGTCYPGDFINYEELREQLSSVSSFERFEMFPKSSSWPNHETNRGVTAACPYAGANSFYRNLIWLVKKEDSYPKLSKSYINNKEKEVLVLWGIHHPPTSADQQSLYQNADAYVFVGSSKYNKKFRPEIAARPKVRGQTGRMNYYWTLVEPGDTITFEATGNLVVPRYAFAMKRGSGSGIIISDTPVHDCNTTCQTPKGAINTSLPFQNIHPVTIGECPKYVKSTNLRMATGLRNIPSIQSRGLFGAIAGFIEGGWTGMIDGWYGYHHQNEQGSGYAADRKSTQNAIDGITNKVNSVIEKMNTQFTAVGKEFNHLEKRIENLNKKVDDGLLDVWTYNAELLVLLENERTLDYHDSNVKNLYEKVRSQLKNNAKEIGNGCFEFYHKCDDTCMESVRNGTYDYPKYSEEAKLNREEIDGVKLESTRIYQILAIYSTVASSLVLLVSLGAISFWMCSNGSLQCRICI
A/swine/Guangdong/01/2008,H1,swine,CY091729.1,293-noSA-tufted-duck-MHCII,695.0,1.123504688005173,MKAILVFLLYTFATANADTLCIGYHANNSTDTVDTVLEKNVTVTHSVNLLEDRHNGKLCKLRGVAPLHLGKCNIAGWLLGNPECELLFTASSWSYIVETSNSDNGTCYPGDFINYEELREQLSSVSSFERFEMFPKSSSWPNHETNRGVTAACPYAGANSFYRNLIWLVKKEDSYPKLSKSYINNKEKEVLVLWGIHHPPTSADQQSLYQNADAYVFVGSSKYNKKFRPEIAARPKVRGQTGRMNYYWTLVEPGDTITFEATGNLVVPRYAFAMKRGSGSGIIISDTPVHDCNTTCQTPKGAINTSLPFQNIHPVTIGECPKYVKSTNLRMATGLRNIPSIQSRGLFGAIAGFIEGGWTGMIDGWYGYHHQNEQGSGYAADRKSTQNAIDGITNKVNSVIEKMNTQFTAVGKEFNHLEKRIENLNKKVDDGLLDVWTYNAELLVLLENERTLDYHDSNVKNLYEKVRSQLKNNAKEIGNGCFEFYHKCDDTCMESVRNGTYDYPKYSEEAKLNREEIDGVKLESTRIYQILAIYSTVASSLVLLVSLGAISFWMCSNGSLQCRICI
A/swine/Iowa/15/1930,H1,swine,EU139823.1,293-SA23,135760.0,3.303966901922609,MKAILLVLLCAFAATNADTLCIGYHANNSTDTVDTVLEKNVTVTHSVNLLEDSHNGKLCRLGGIAPLQLGKCNIAGWLLGNPECDLLLTVSSWSYIVETSNSDNGTCYPGDFIDYEELREQLSSVSSFEKFEIFPKTSSWPNHETTRGVTAACPYAGASSFYRNLLWLVKKENSYPKLSKSYVNNKGKEVLVLWGVHHPPTSTDQQSLYQNADAYVSVGSSKYDRRFTPEIAARPKVRGQAGRMNYYWTLLEPGDTITFEATGNLVAPRYAFALNRGSESGIITSDAPVHDCDTKCQTPHGAINSSLPFQNIHPVTIGECPKYVKSTKLRMVTGLRNIPSIQSRGLFGAIAGFIEGGWTGLIDGWYGYHHQNGQGSGYAADQKSTQNAIDGITNKVNSVIEKMNTQFTVVGKEFNNLERRIKNLNKKVDDGFLDVWTYNAELLVLLENERTLDFHDSNVKNLYEKARSQLRNNAKEIGNGCFEFYHKCDDACMESVRNGTYDYPKYSEESKLNREEIDGVKLESMMVYQILAIYSTVASSLVLLVSLGAISFWMCSNGSLQCRICI
A/swine/Iowa/15/1930,H1,swine,EU139823.1,293-SA26,2537000.0,61.74251642735459,MKAILLVLLCAFAATNADTLCIGYHANNSTDTVDTVLEKNVTVTHSVNLLEDSHNGKLCRLGGIAPLQLGKCNIAGWLLGNPECDLLLTVSSWSYIVETSNSDNGTCYPGDFIDYEELREQLSSVSSFEKFEIFPKTSSWPNHETTRGVTAACPYAGASSFYRNLLWLVKKENSYPKLSKSYVNNKGKEVLVLWGVHHPPTSTDQQSLYQNADAYVSVGSSKYDRRFTPEIAARPKVRGQAGRMNYYWTLLEPGDTITFEATGNLVAPRYAFALNRGSESGIITSDAPVHDCDTKCQTPHGAINSSLPFQNIHPVTIGECPKYVKSTKLRMVTGLRNIPSIQSRGLFGAIAGFIEGGWTGLIDGWYGYHHQNGQGSGYAADQKSTQNAIDGITNKVNSVIEKMNTQFTVVGKEFNNLERRIKNLNKKVDDGFLDVWTYNAELLVLLENERTLDFHDSNVKNLYEKARSQLRNNAKEIGNGCFEFYHKCDDACMESVRNGTYDYPKYSEESKLNREEIDGVKLESMMVYQILAIYSTVASSLVLLVSLGAISFWMCSNGSLQCRICI
A/swine/Iowa/15/1930,H1,swine,EU139823.1,293-noSA-human-MHCII-0301,189320.0,4.607447067412996,MKAILLVLLCAFAATNADTLCIGYHANNSTDTVDTVLEKNVTVTHSVNLLEDSHNGKLCRLGGIAPLQLGKCNIAGWLLGNPECDLLLTVSSWSYIVETSNSDNGTCYPGDFIDYEELREQLSSVSSFEKFEIFPKTSSWPNHETTRGVTAACPYAGASSFYRNLLWLVKKENSYPKLSKSYVNNKGKEVLVLWGVHHPPTSTDQQSLYQNADAYVSVGSSKYDRRFTPEIAARPKVRGQAGRMNYYWTLLEPGDTITFEATGNLVAPRYAFALNRGSESGIITSDAPVHDCDTKCQTPHGAINSSLPFQNIHPVTIGECPKYVKSTKLRMVTGLRNIPSIQSRGLFGAIAGFIEGGWTGLIDGWYGYHHQNGQGSGYAADQKSTQNAIDGITNKVNSVIEKMNTQFTVVGKEFNNLERRIKNLNKKVDDGFLDVWTYNAELLVLLENERTLDFHDSNVKNLYEKARSQLRNNAKEIGNGCFEFYHKCDDACMESVRNGTYDYPKYSEESKLNREEIDGVKLESMMVYQILAIYSTVASSLVLLVSLGAISFWMCSNGSLQCRICI
A/swine/Iowa/15/1930,H1,swine,EU139823.1,293-noSA-human-MHCII-1503,39670.0,0.9654417133122414,MKAILLVLLCAFAATNADTLCIGYHANNSTDTVDTVLEKNVTVTHSVNLLEDSHNGKLCRLGGIAPLQLGKCNIAGWLLGNPECDLLLTVSSWSYIVETSNSDNGTCYPGDFIDYEELREQLSSVSSFEKFEIFPKTSSWPNHETTRGVTAACPYAGASSFYRNLLWLVKKENSYPKLSKSYVNNKGKEVLVLWGVHHPPTSTDQQSLYQNADAYVSVGSSKYDRRFTPEIAARPKVRGQAGRMNYYWTLLEPGDTITFEATGNLVAPRYAFALNRGSESGIITSDAPVHDCDTKCQTPHGAINSSLPFQNIHPVTIGECPKYVKSTKLRMVTGLRNIPSIQSRGLFGAIAGFIEGGWTGLIDGWYGYHHQNGQGSGYAADQKSTQNAIDGITNKVNSVIEKMNTQFTVVGKEFNNLERRIKNLNKKVDDGFLDVWTYNAELLVLLENERTLDFHDSNVKNLYEKARSQLRNNAKEIGNGCFEFYHKCDDACMESVRNGTYDYPKYSEESKLNREEIDGVKLESMMVYQILAIYSTVASSLVLLVSLGAISFWMCSNGSLQCRICI
A/swine/Iowa/15/1930,H1,swine,EU139823.1,293-noSA-tufted-duck-MHCII,6571000.0,159.91725480652227,MKAILLVLLCAFAATNADTLCIGYHANNSTDTVDTVLEKNVTVTHSVNLLEDSHNGKLCRLGGIAPLQLGKCNIAGWLLGNPECDLLLTVSSWSYIVETSNSDNGTCYPGDFIDYEELREQLSSVSSFEKFEIFPKTSSWPNHETTRGVTAACPYAGASSFYRNLLWLVKKENSYPKLSKSYVNNKGKEVLVLWGVHHPPTSTDQQSLYQNADAYVSVGSSKYDRRFTPEIAARPKVRGQAGRMNYYWTLLEPGDTITFEATGNLVAPRYAFALNRGSESGIITSDAPVHDCDTKCQTPHGAINSSLPFQNIHPVTIGECPKYVKSTKLRMVTGLRNIPSIQSRGLFGAIAGFIEGGWTGLIDGWYGYHHQNGQGSGYAADQKSTQNAIDGITNKVNSVIEKMNTQFTVVGKEFNNLERRIKNLNKKVDDGFLDVWTYNAELLVLLENERTLDFHDSNVKNLYEKARSQLRNNAKEIGNGCFEFYHKCDDACMESVRNGTYDYPKYSEESKLNREEIDGVKLESMMVYQILAIYSTVASSLVLLVSLGAISFWMCSNGSLQCRICI
A/swine/North Carolina/00396/2004,H1,swine,CY159674.1,293-SA23,70.22,1.0958177278401997,MKAILVVLLYTFTTAKADTLCIGYHANNSTDTVDTVLEKNVTVTHSVNLLENRHNGKLCKLRGVAPLHLGKCNIAGWLLGNPECESLSTASSWSYIVETSNSDNGTCYPGDFINYEELREQLSSVSSFERFEIFPKTSSWPNHDTNRGVTAACPHAGANSFYRNLIWLVKKGNSYPKISKSYINNKEKEVLVLWGIHHPSTSADQQSLYQNADAYVFVGSSRYSRKFKPEIATRPKVRDQAGRMNYYWTLVEPGDKITFEATGNLVVPRYAFALKRNSGSGIIISDTSVHDCNTTCQTPKGAINTSLPFQNIHPVTIGECPKYVKSTKLRMATGLRNIPSIQSRGLFGAIAGFIEGGWTGMIDGWYGYHHQNEQGSGYAADLKSTQNAIDGITNKVNSVIEKMNTQFTAVGKEFSHLEKRIENLNKKVDDGFLDIWTYNAELLVLLENERTLDYHDSNVKNLYEKVRNQLKNNAKEIGNGCFEFYHKCDDTCMESVKNGTYDYPKYSEEAKLNREEIDGVKLESTRIYQILAIYSTVASSLVLVVSLGAISFWMCSNGSLQCRICI
A/swine/North Carolina/00396/2004,H1,swine,CY159674.1,293-SA26,5344.0,83.39575530586767,MKAILVVLLYTFTTAKADTLCIGYHANNSTDTVDTVLEKNVTVTHSVNLLENRHNGKLCKLRGVAPLHLGKCNIAGWLLGNPECESLSTASSWSYIVETSNSDNGTCYPGDFINYEELREQLSSVSSFERFEIFPKTSSWPNHDTNRGVTAACPHAGANSFYRNLIWLVKKGNSYPKISKSYINNKEKEVLVLWGIHHPSTSADQQSLYQNADAYVFVGSSRYSRKFKPEIATRPKVRDQAGRMNYYWTLVEPGDKITFEATGNLVVPRYAFALKRNSGSGIIISDTSVHDCNTTCQTPKGAINTSLPFQNIHPVTIGECPKYVKSTKLRMATGLRNIPSIQSRGLFGAIAGFIEGGWTGMIDGWYGYHHQNEQGSGYAADLKSTQNAIDGITNKVNSVIEKMNTQFTAVGKEFSHLEKRIENLNKKVDDGFLDIWTYNAELLVLLENERTLDYHDSNVKNLYEKVRNQLKNNAKEIGNGCFEFYHKCDDTCMESVKNGTYDYPKYSEEAKLNREEIDGVKLESTRIYQILAIYSTVASSLVLVVSLGAISFWMCSNGSLQCRICI
A/swine/North Carolina/00396/2004,H1,swine,CY159674.1,293-noSA-human-MHCII-0301,122.8,1.916354556803995,MKAILVVLLYTFTTAKADTLCIGYHANNSTDTVDTVLEKNVTVTHSVNLLENRHNGKLCKLRGVAPLHLGKCNIAGWLLGNPECESLSTASSWSYIVETSNSDNGTCYPGDFINYEELREQLSSVSSFERFEIFPKTSSWPNHDTNRGVTAACPHAGANSFYRNLIWLVKKGNSYPKISKSYINNKEKEVLVLWGIHHPSTSADQQSLYQNADAYVFVGSSRYSRKFKPEIATRPKVRDQAGRMNYYWTLVEPGDKITFEATGNLVVPRYAFALKRNSGSGIIISDTSVHDCNTTCQTPKGAINTSLPFQNIHPVTIGECPKYVKSTKLRMATGLRNIPSIQSRGLFGAIAGFIEGGWTGMIDGWYGYHHQNEQGSGYAADLKSTQNAIDGITNKVNSVIEKMNTQFTAVGKEFSHLEKRIENLNKKVDDGFLDIWTYNAELLVLLENERTLDYHDSNVKNLYEKVRNQLKNNAKEIGNGCFEFYHKCDDTCMESVKNGTYDYPKYSEEAKLNREEIDGVKLESTRIYQILAIYSTVASSLVLVVSLGAISFWMCSNGSLQCRICI
A/swine/North Carolina/00396/2004,H1,swine,CY159674.1,293-noSA-human-MHCII-1503,126.47,1.9736267166042447,MKAILVVLLYTFTTAKADTLCIGYHANNSTDTVDTVLEKNVTVTHSVNLLENRHNGKLCKLRGVAPLHLGKCNIAGWLLGNPECESLSTASSWSYIVETSNSDNGTCYPGDFINYEELREQLSSVSSFERFEIFPKTSSWPNHDTNRGVTAACPHAGANSFYRNLIWLVKKGNSYPKISKSYINNKEKEVLVLWGIHHPSTSADQQSLYQNADAYVFVGSSRYSRKFKPEIATRPKVRDQAGRMNYYWTLVEPGDKITFEATGNLVVPRYAFALKRNSGSGIIISDTSVHDCNTTCQTPKGAINTSLPFQNIHPVTIGECPKYVKSTKLRMATGLRNIPSIQSRGLFGAIAGFIEGGWTGMIDGWYGYHHQNEQGSGYAADLKSTQNAIDGITNKVNSVIEKMNTQFTAVGKEFSHLEKRIENLNKKVDDGFLDIWTYNAELLVLLENERTLDYHDSNVKNLYEKVRNQLKNNAKEIGNGCFEFYHKCDDTCMESVKNGTYDYPKYSEEAKLNREEIDGVKLESTRIYQILAIYSTVASSLVLVVSLGAISFWMCSNGSLQCRICI
A/swine/North Carolina/00396/2004,H1,swine,CY159674.1,293-noSA-tufted-duck-MHCII,102.25,1.595661672908864,MKAILVVLLYTFTTAKADTLCIGYHANNSTDTVDTVLEKNVTVTHSVNLLENRHNGKLCKLRGVAPLHLGKCNIAGWLLGNPECESLSTASSWSYIVETSNSDNGTCYPGDFINYEELREQLSSVSSFERFEIFPKTSSWPNHDTNRGVTAACPHAGANSFYRNLIWLVKKGNSYPKISKSYINNKEKEVLVLWGIHHPSTSADQQSLYQNADAYVFVGSSRYSRKFKPEIATRPKVRDQAGRMNYYWTLVEPGDKITFEATGNLVVPRYAFALKRNSGSGIIISDTSVHDCNTTCQTPKGAINTSLPFQNIHPVTIGECPKYVKSTKLRMATGLRNIPSIQSRGLFGAIAGFIEGGWTGMIDGWYGYHHQNEQGSGYAADLKSTQNAIDGITNKVNSVIEKMNTQFTAVGKEFSHLEKRIENLNKKVDDGFLDIWTYNAELLVLLENERTLDYHDSNVKNLYEKVRNQLKNNAKEIGNGCFEFYHKCDDTCMESVKNGTYDYPKYSEEAKLNREEIDGVKLESTRIYQILAIYSTVASSLVLVVSLGAISFWMCSNGSLQCRICI
A/wild duck/SH17-34/2008,H2,avian,KC899733.1,293-SA23,144.57,1.6924607820182627,MAIIYLVLLFTVVRGDQICIGYHSNNSTKKVDTILERNVTVTHAQDILEKTHNGKLCKLNGIPPLELGDCSIAGWLLGNPECDRLLTVPEWSYIMERENPRNGLCYPGSFNDYEELKHLLSSVTHFEKVKILPRDRWTQHTTTGGSRACAVFGNPSFFRNMVWLTKKGSNYPVAKGSYNNTSGEQMLVIWGVHHPNDEAEQRTLYQNVGTYVSVGTSILNKRSVPEIATRPKVNGQGGRMEFSWTILDMLDTINFESTGNLVAPEYGFKISKRGSSGIMKTEGTLENCETKCQTPLGAINTTLPFHNIHPLTIGECPKYVKSERLVLATGLRNVPQIESRGLFGAIAGFIEGGWQGMVDGWYGYHHSNDQGSGYAADKESTQKAIDGITNKVNSVIEKMNTQFEAVGKEFSNLEKRLENLNKKMEDGFLDVWTYNAELLVLMENERTLDFHDSNVKNLYDKVRMQLRDNAKELGNGCFEFYHKCDDECMNSVKNGTYDYPKYEEESKLNRNEIKGVKLNNMGVYQILAIYATVAGSLSLAIMIAGISLWMCSNGSLQCRICI
A/wild duck/SH17-34/2008,H2,avian,KC899733.1,293-SA26,136.14,1.5937719503629124,MAIIYLVLLFTVVRGDQICIGYHSNNSTKKVDTILERNVTVTHAQDILEKTHNGKLCKLNGIPPLELGDCSIAGWLLGNPECDRLLTVPEWSYIMERENPRNGLCYPGSFNDYEELKHLLSSVTHFEKVKILPRDRWTQHTTTGGSRACAVFGNPSFFRNMVWLTKKGSNYPVAKGSYNNTSGEQMLVIWGVHHPNDEAEQRTLYQNVGTYVSVGTSILNKRSVPEIATRPKVNGQGGRMEFSWTILDMLDTINFESTGNLVAPEYGFKISKRGSSGIMKTEGTLENCETKCQTPLGAINTTLPFHNIHPLTIGECPKYVKSERLVLATGLRNVPQIESRGLFGAIAGFIEGGWQGMVDGWYGYHHSNDQGSGYAADKESTQKAIDGITNKVNSVIEKMNTQFEAVGKEFSNLEKRLENLNKKMEDGFLDVWTYNAELLVLMENERTLDFHDSNVKNLYDKVRMQLRDNAKELGNGCFEFYHKCDDECMNSVKNGTYDYPKYEEESKLNRNEIKGVKLNNMGVYQILAIYATVAGSLSLAIMIAGISLWMCSNGSLQCRICI
A/wild duck/SH17-34/2008,H2,avian,KC899733.1,293-noSA-human-MHCII-0301,4090.0,47.88105830016389,MAIIYLVLLFTVVRGDQICIGYHSNNSTKKVDTILERNVTVTHAQDILEKTHNGKLCKLNGIPPLELGDCSIAGWLLGNPECDRLLTVPEWSYIMERENPRNGLCYPGSFNDYEELKHLLSSVTHFEKVKILPRDRWTQHTTTGGSRACAVFGNPSFFRNMVWLTKKGSNYPVAKGSYNNTSGEQMLVIWGVHHPNDEAEQRTLYQNVGTYVSVGTSILNKRSVPEIATRPKVNGQGGRMEFSWTILDMLDTINFESTGNLVAPEYGFKISKRGSSGIMKTEGTLENCETKCQTPLGAINTTLPFHNIHPLTIGECPKYVKSERLVLATGLRNVPQIESRGLFGAIAGFIEGGWQGMVDGWYGYHHSNDQGSGYAADKESTQKAIDGITNKVNSVIEKMNTQFEAVGKEFSNLEKRLENLNKKMEDGFLDVWTYNAELLVLMENERTLDFHDSNVKNLYDKVRMQLRDNAKELGNGCFEFYHKCDDECMNSVKNGTYDYPKYEEESKLNRNEIKGVKLNNMGVYQILAIYATVAGSLSLAIMIAGISLWMCSNGSLQCRICI
A/wild duck/SH17-34/2008,H2,avian,KC899733.1,293-noSA-human-MHCII-1503,32040.0,375.08780145165065,MAIIYLVLLFTVVRGDQICIGYHSNNSTKKVDTILERNVTVTHAQDILEKTHNGKLCKLNGIPPLELGDCSIAGWLLGNPECDRLLTVPEWSYIMERENPRNGLCYPGSFNDYEELKHLLSSVTHFEKVKILPRDRWTQHTTTGGSRACAVFGNPSFFRNMVWLTKKGSNYPVAKGSYNNTSGEQMLVIWGVHHPNDEAEQRTLYQNVGTYVSVGTSILNKRSVPEIATRPKVNGQGGRMEFSWTILDMLDTINFESTGNLVAPEYGFKISKRGSSGIMKTEGTLENCETKCQTPLGAINTTLPFHNIHPLTIGECPKYVKSERLVLATGLRNVPQIESRGLFGAIAGFIEGGWQGMVDGWYGYHHSNDQGSGYAADKESTQKAIDGITNKVNSVIEKMNTQFEAVGKEFSNLEKRLENLNKKMEDGFLDVWTYNAELLVLMENERTLDFHDSNVKNLYDKVRMQLRDNAKELGNGCFEFYHKCDDECMNSVKNGTYDYPKYEEESKLNRNEIKGVKLNNMGVYQILAIYATVAGSLSLAIMIAGISLWMCSNGSLQCRICI
A/wild duck/SH17-34/2008,H2,avian,KC899733.1,293-noSA-tufted-duck-MHCII,79720.0,933.2708967454928,MAIIYLVLLFTVVRGDQICIGYHSNNSTKKVDTILERNVTVTHAQDILEKTHNGKLCKLNGIPPLELGDCSIAGWLLGNPECDRLLTVPEWSYIMERENPRNGLCYPGSFNDYEELKHLLSSVTHFEKVKILPRDRWTQHTTTGGSRACAVFGNPSFFRNMVWLTKKGSNYPVAKGSYNNTSGEQMLVIWGVHHPNDEAEQRTLYQNVGTYVSVGTSILNKRSVPEIATRPKVNGQGGRMEFSWTILDMLDTINFESTGNLVAPEYGFKISKRGSSGIMKTEGTLENCETKCQTPLGAINTTLPFHNIHPLTIGECPKYVKSERLVLATGLRNVPQIESRGLFGAIAGFIEGGWQGMVDGWYGYHHSNDQGSGYAADKESTQKAIDGITNKVNSVIEKMNTQFEAVGKEFSNLEKRLENLNKKMEDGFLDVWTYNAELLVLMENERTLDFHDSNVKNLYDKVRMQLRDNAKELGNGCFEFYHKCDDECMNSVKNGTYDYPKYEEESKLNRNEIKGVKLNNMGVYQILAIYATVAGSLSLAIMIAGISLWMCSNGSLQCRICI
A/yellow-billed pintail/Argentina/CIP112-3626/2019,H3,avian,PP502597.1,293-SA23,1030000.0,23.61302154974782,MKTITALVLLAHWAYSQNPINGNDTATLCLGHHAVANGTLVKTITDDQIEVTNATELVQSISTGKICNNPHRVLDGRDCTLIDAMLGDPHCDVFQDENWDLFIERSNAFSNCYPYDVPDYASLRSLVASSGTLEFITEGFTWTGVTQNGGSSACKRGPANGFFSRLNWLTKSGSAYPTLNVTMPNNDNFDKLYIWGVHHPSTNDEQTNLYVQASGRVTVSTRRTQQTIIPNIGSRPWVRGQSGRISIYWTIVKPGDVIVINSNGNLIAPRGYFKMRTGKSSVMRSDAPIDTCVSECITPNGSIPNNKPFQNVNKITYGNCPKYVKQNTLKLATGMRNVPEKQTRGLFGAIAGFIENGWQGMVDGWYGFRHQNSEGTGQAADLKSTQAAIDQINGKLNRVIEKTNEKFHQIEKEFSEVEGRIQDLEKYVEDTKIDLWSYNAELLVALENQHTIDLTDAEMNKLFEKTRRQLRENAEDMGNGCFKIYHKCDNACIESIRNGTYDHDIYRDEALNNRFQIKGVELKSGYKDWILWISFAISCFLLCVVLLGFIMWACQRGNIRCNICI
A/yellow-billed pintail/Argentina/CIP112-3626/2019,H3,avian,PP502597.1,293-SA26,619700.0,14.206785878037598,MKTITALVLLAHWAYSQNPINGNDTATLCLGHHAVANGTLVKTITDDQIEVTNATELVQSISTGKICNNPHRVLDGRDCTLIDAMLGDPHCDVFQDENWDLFIERSNAFSNCYPYDVPDYASLRSLVASSGTLEFITEGFTWTGVTQNGGSSACKRGPANGFFSRLNWLTKSGSAYPTLNVTMPNNDNFDKLYIWGVHHPSTNDEQTNLYVQASGRVTVSTRRTQQTIIPNIGSRPWVRGQSGRISIYWTIVKPGDVIVINSNGNLIAPRGYFKMRTGKSSVMRSDAPIDTCVSECITPNGSIPNNKPFQNVNKITYGNCPKYVKQNTLKLATGMRNVPEKQTRGLFGAIAGFIENGWQGMVDGWYGFRHQNSEGTGQAADLKSTQAAIDQINGKLNRVIEKTNEKFHQIEKEFSEVEGRIQDLEKYVEDTKIDLWSYNAELLVALENQHTIDLTDAEMNKLFEKTRRQLRENAEDMGNGCFKIYHKCDNACIESIRNGTYDHDIYRDEALNNRFQIKGVELKSGYKDWILWISFAISCFLLCVVLLGFIMWACQRGNIRCNICI
A/yellow-billed pintail/Argentina/CIP112-3626/2019,H3,avian,PP502597.1,293-noSA-human-MHCII-0301,1350200.0,30.953690967446125,MKTITALVLLAHWAYSQNPINGNDTATLCLGHHAVANGTLVKTITDDQIEVTNATELVQSISTGKICNNPHRVLDGRDCTLIDAMLGDPHCDVFQDENWDLFIERSNAFSNCYPYDVPDYASLRSLVASSGTLEFITEGFTWTGVTQNGGSSACKRGPANGFFSRLNWLTKSGSAYPTLNVTMPNNDNFDKLYIWGVHHPSTNDEQTNLYVQASGRVTVSTRRTQQTIIPNIGSRPWVRGQSGRISIYWTIVKPGDVIVINSNGNLIAPRGYFKMRTGKSSVMRSDAPIDTCVSECITPNGSIPNNKPFQNVNKITYGNCPKYVKQNTLKLATGMRNVPEKQTRGLFGAIAGFIENGWQGMVDGWYGFRHQNSEGTGQAADLKSTQAAIDQINGKLNRVIEKTNEKFHQIEKEFSEVEGRIQDLEKYVEDTKIDLWSYNAELLVALENQHTIDLTDAEMNKLFEKTRRQLRENAEDMGNGCFKIYHKCDNACIESIRNGTYDHDIYRDEALNNRFQIKGVELKSGYKDWILWISFAISCFLLCVVLLGFIMWACQRGNIRCNICI
A/yellow-billed pintail/Argentina/CIP112-3626/2019,H3,avian,PP502597.1,293-noSA-human-MHCII-1503,44260.0,1.0146721687299405,MKTITALVLLAHWAYSQNPINGNDTATLCLGHHAVANGTLVKTITDDQIEVTNATELVQSISTGKICNNPHRVLDGRDCTLIDAMLGDPHCDVFQDENWDLFIERSNAFSNCYPYDVPDYASLRSLVASSGTLEFITEGFTWTGVTQNGGSSACKRGPANGFFSRLNWLTKSGSAYPTLNVTMPNNDNFDKLYIWGVHHPSTNDEQTNLYVQASGRVTVSTRRTQQTIIPNIGSRPWVRGQSGRISIYWTIVKPGDVIVINSNGNLIAPRGYFKMRTGKSSVMRSDAPIDTCVSECITPNGSIPNNKPFQNVNKITYGNCPKYVKQNTLKLATGMRNVPEKQTRGLFGAIAGFIENGWQGMVDGWYGFRHQNSEGTGQAADLKSTQAAIDQINGKLNRVIEKTNEKFHQIEKEFSEVEGRIQDLEKYVEDTKIDLWSYNAELLVALENQHTIDLTDAEMNKLFEKTRRQLRENAEDMGNGCFKIYHKCDNACIESIRNGTYDHDIYRDEALNNRFQIKGVELKSGYKDWILWISFAISCFLLCVVLLGFIMWACQRGNIRCNICI
A/yellow-billed pintail/Argentina/CIP112-3626/2019,H3,avian,PP502597.1,293-noSA-tufted-duck-MHCII,27370.0,0.6274644658413572,MKTITALVLLAHWAYSQNPINGNDTATLCLGHHAVANGTLVKTITDDQIEVTNATELVQSISTGKICNNPHRVLDGRDCTLIDAMLGDPHCDVFQDENWDLFIERSNAFSNCYPYDVPDYASLRSLVASSGTLEFITEGFTWTGVTQNGGSSACKRGPANGFFSRLNWLTKSGSAYPTLNVTMPNNDNFDKLYIWGVHHPSTNDEQTNLYVQASGRVTVSTRRTQQTIIPNIGSRPWVRGQSGRISIYWTIVKPGDVIVINSNGNLIAPRGYFKMRTGKSSVMRSDAPIDTCVSECITPNGSIPNNKPFQNVNKITYGNCPKYVKQNTLKLATGMRNVPEKQTRGLFGAIAGFIENGWQGMVDGWYGFRHQNSEGTGQAADLKSTQAAIDQINGKLNRVIEKTNEKFHQIEKEFSEVEGRIQDLEKYVEDTKIDLWSYNAELLVALENQHTIDLTDAEMNKLFEKTRRQLRENAEDMGNGCFKIYHKCDNACIESIRNGTYDHDIYRDEALNNRFQIKGVELKSGYKDWILWISFAISCFLLCVVLLGFIMWACQRGNIRCNICI
VSV-G,VSV-G,cattle,,293-SA23,2478000.0,0.328255398065969,
VSV-G,VSV-G,cattle,,293-SA26,4993000.0,0.6614121075639158,
VSV-G,VSV-G,cattle,,293-noSA-human-MHCII-0301,6324000.0,0.8377268512385746,
VSV-G,VSV-G,cattle,,293-noSA-human-MHCII-1503,4205000.0,0.5570274208504438,
VSV-G,VSV-G,cattle,,293-noSA-tufted-duck-MHCII,5660000.0,0.7497681812160552,
A/Albany/1/1959,H2,human,CY020541.1,293-noSA,374.4,1.0,MAIIYLILLFTAVRGDQICIGYHANNSTEKVDTILERNVTVTHAKDILEKTHNGKLCKLNGIPPLELGDCSIAGWLLGNPECDRLLRVPEWSYIMEKENPRDGLCYPGSFNDYEELKHLLSSVKHFEKVKILPKDRWTQHTTTGGSRACAVSGNPSFFRNMIWLTKKGSNYPVAKGSYNNTSGEQMLIIWGVHHPNDETEQRTLYQNVGTYVSVVTSTLNKRSTPKIATRPKVNGLGGRMEFSWTLLDMWDTINFESTGNLIAPEYGFKISKRGSSGIMKTEGTLENCETKCQTPLGAINTTLPFHNVHPLTIGECPKYVKSEKLVLATGLRNVPQIESRGLFGAIAGFIEGGWQGMVDGWYGYHHSNDQGSGYAADKESTQRAFDGITNKVNSVIEKMNTQFEAVGKEFSNLERRLENLNKKMEDGLLDVWTYNAELLVLMENERILDFHDSNVKNLYDKVRMQLRDNVKELGNGCFEFYHKCDDECMNSVKNGTYDYPKYEEESKLNRNEIKGVKLSSMGVYQILAIYATVAGSLSLAIMMAGISFWMCSNGSLQCRICI
A/Albany/5/1958,H2,human,CY021013.1,293-noSA,267.85,1.0,MAIIYLILLFTAVRGDQICIGYHANNSTEKVDTILERNVTVTHAKDILEKTHNGKLCKLNGIPPLELGDCSIAGWLLGNPECDRLLSVPEWSYIMEKENPRDGLCYPGSFNDYEELKHFLSSVKHFEKVKILPKDRWTQHTTTGGSRACAVSGNPSFFRNMVWLTKKGSNYPVAKGSYNNTSGEQMLIIWGVHHPNDETEQRTLYQNVGTYVSVGTSTLNKRSTPDIATRPKVNGLGGRMEFSWTLLDMWDTINFESTGNLIAPEYGFKISKRGSSGIMKTEGTLGNCETKCQTPLGAINTTLPFHNVHPLTIGECPKYVKSEKLVLATGLRNVPQIESRGLFGAIAGFIEGGWQGMVDGWYGYHHSNDQGSGYAADKESTQKAFDGITNKVNSVIEKMNTQFEAVGKEFSNLERRLENLNKKMEDGFLDVWTYNAELLVLMENERTLDFHDSNVKNLYDKVRMQLRDNAKELGNGCFEFYHKCDDECMNSVKNGTYYYPKYEEESKLNRNEIKGVKLSSMGVYQILAIYATVAGSLSLAIMMAGISFWMCSNGSLQCRICI
A/England/980/2009,H1,human,CY070311.1,293-noSA,216.36,1.0,MKAILVVLLYTFATANADTLCIGYHANNSTDTVDTVLEKNVTVTHSVNLLEDKHNGKLCKLRGVAPLHLGKCNIAGWILGNPECESLSTASSWSYIVETSSSDNGTCYPGDFIDYEELREQLSSVSSFERFEIFPKTSSWPNHDSNKGVTAACPHAGAKSFYKNLIWLVKKGNSYPKLSKSYINDKGKEVLVLWGIHHPSTSADQQSLYQNADAYVFVGTSRYSKKFKPEIAIRPKVRDQEGRMNYYWTLVEPGDKITFEATGNLVVPRYAFAMERNAGSGIIISDTPVHDCNTTCQTPKGAINTSLPFQNIHPITIGKCPKYVKSTKLRLATGLRNVPSIQSRGLFGAIAGFIEGGWTGMVDGWYGYHHQNEQGSGYAADLKSTQNAIDEITNKVNSVIEKMNTQFTAVGKEFNHLEKRIENLNKKVDDGFLDIWTYNAELLVLLENERTLDYHDSNVKNLYEKVRSQLKNNAKEIGNGCFEFYHKCDNTCMESVKNGTYDYPKYSEEAKLNREEIDGVKLESTRIYQILAIYSTVASSLVLVVSLGAISFWMCSNGSLQCRICI
A/Hong Kong/1-4-MA21-1/1968,H3,human,CY080515.1,293-noSA,47850.0,1.0,MKTIIALSYIFCLALGQDLPGNDNRTATLCLGHHAVPNGTLVKTITDDQIEVTNATELVQSSSTGKICNNPHRILDGIDCTLIDALLGDPHCDVFQNETWDLFVERSKAFSNCYPYDVPDYASLRSLVASSGTLEFITEGFTWTGVTQNGGSNACKRGPGSGFFSRLNWLTKSGSTYPVLNVTMPNNDNFDKLYIWGVHHPSTNQEQTSLYVQASGRVTVSTRRSQQTIIPNIGSRPWVRGLSSRISIYWTIVKPGDVLVINSNGNLIAPRGYFKMRTGKSSIMRSDAPIDTCISECITPNGSIPNDKPFQNVNKITYGACPKYVKQNTLKLATGMRNVPEKQTRGLFGAIAGFIENGWEGMIDGWYGFRHQNSEGTGQAADLKSTQATIDQINGKLNRVIEKTNEKFHQIEKEFSEVEGRIQDLEKYVEDTKIDLWSYNAELLVALENQHTIDLTDSEMNKLFEKTRRQLRENAEDMGNGCFKIYHKCDNACIESIRNGTYDHDVYRDEALNNRFQIKGVELKSGYKDWILWISFAISCFLLCVVLLGFIMWACQRGNIRCNICI
A/Hong Kong/EPI1231/2025,H3,human,PX599020.1,293-noSA,7667.0,1.0,MKAIIALSNILCLVFAQKIPGNDNSTATLCLGHHAVPNGTIVKTITNDRIEVTNATELVQNSSIGKICNSPHQILDGGNCKLIDALLGDPQCDGFQNKEWDLFVERSRANSSCYPYDVPDYASLRSLVASSGTLEFKDENFNWTGVKQNGTSSACKRGSSSSFFSRLNWLTSLNNIYPAQNVTMPNKEQFDKLYIWGVHHPDTDKNQFSLFAQSSGRITVSTKRSQQAVIPNIGSRPRVRDIPSRISIYWTIVKPGDILLINSTGNLIAPRGYFKIRSGKSSIMRSDAPIGECKSECITPNGSIPNDKPFQNVNRITYGACPRYVKQSTLKLATGMRNVPEKQTRGIFGAIAGFIENGWEGMMDGWYGFRHQNSEGRGQAADLKSTQAAIDQISGKLNRLIGKTNEKFHQIEKEFSEVEGRVQDLEKYVEDTKIDLWSYNAELLVALENQHTIDLTDSEMNKLFEKTKKQLRENAEDMGNGCFKIYHKCDNACIGSIRNETYDHNVYRDEALNNRFQIKGVELKSGYKDWILWISFAMSCFLLCIALLGFIMWACQKGNIRCNICI
A/Japan/305/1957,H2,human,CY014976.1,293-noSA,353.1,1.0,MAIIYLILLFTAVRGDQICIGYHANNSTEKVDTILERNVTVTHAKDILEKTHNGKLCKLNGIPPLELGDCSIAGWLLGNPECDRLLSVPEWSYIMEKENPRDGLCYPGSFNDYEELKHLLSSVKHFEKVKILPKDRWTQHTTTGGSRACAVSGNPSFFRNMVWLTKKGSNYPVAKGSYNNTSGEQMLIIWGVHHPNDETEQRTLYQNVGTYVSVGTSTLNKRSTPEIATRPKVNGLGGRMEFSWTLLDMWDTINFESTGNLIAPEYGFKISKRGSSGIMKTEGTLENCETKCQTPLGAINTTLPFHNVHPLTIGECPKYVKSEKLVLATGLRNVPQIESRGLFGAIAGFIEGGWQGMVDGWYGYHHSNDQGSGYAADKESTQKAFDGITNKVNSVIEKMNTQFEAVGKEFSNLERRLENLNKKMEDGFLDVWTYNAELLVLMENERTLDFHDSNVKNLYDKVRMQLRDNVKELGNGCFEFYHKCDDECMNSVKNGTYDYPKYEEESKLNRNEIKGVKLSSMGVYQILAIYATVAGSLSLAIMMAGISFWMCSNGSLQCRICI
A/Netherlands/209/1980,H3,human,CY113269.1,293-noSA,10005.0,1.0,MKTIIALSYIFCLVFAQNLPGNDNSTATLCLGHHAVPNGTLVKTITNDQIEVTNATELVQSSSTGRICDSPHRILDGKNCTLVDALLGDPHCDGFQNEKWDLFVERSKAFSNCYPYDVPDYASLRSLVASSGTLEFINESFNWTGVTQSGGSYACKRGSDNSFFSRLNWLYESESKYPVLNVTMPNNGNFDKLYIWGVHHPSTDKEQTNLYVRASGRVTVSTKRSQQTIIPNIGSRPWVRGLSSRISIYWTIVKPGDILLINSNGNLIAPRGYFKIRTGKSSIMRSDAPIGTCSSECITPNGSIPNDKPFQNVNKITYGACPKYVKQNTLKLATGMRNVPEKQTRGIFGAIAGFIENGWEGMVDGWYGFRHQNSEGTGQAADLKSTQAAIDQINGKLNRVIEKTNEKFHQIEKEFSEVEGRIQDLEKYVEDTKIDLWSYNAELLVALENQHTIDLTDSEMNKLFEKTRRQLRENAEDMGNGCFKIYHKCDNACIGSIRNGTYDHDVYRDEALNNRFQIKGVELKSGYKDWILWISFAISCFLLCVVLLGFIMWACQKGNIRCNICI
A/New York City/2/1918,H1,human,OR133599.2,293-noSA,3489.0,1.0,MEARLLVLLCAFAATNADTICIGYHANNSTDTVDTVLEKNVTVTHSVNLLEDSHNGKLCKLKGIAPLQLGKCNIAGWLLGNPECDLLLTASSWSYIVETSNSENGTCYPGDFIDYEELREQLSSVSSFEKFEIFPKTSSWPNHETTKGVTAACSYAGASSFYRNLLWLTKKGSSYPKLSKSYVNNKGKEVLVLWGVHHPPTGTDQQSLYQNADAYVSVGSSKYNRRFTPEIAARPKVRNQAGRMNYYWTLLEPGDTITFEATGNLIAPWYAFALNRGSGSGIITSDAPVHDCNTKCQTPHGAINSSLPFQNIHPVTIGECPKYVRSTKLRMATGLRNIPSIQSRGLFGAIAGFIEGGWTGMIDGWYGYHHQNEQGSGYAADQKSTQNAIDGITNKVNSVIEKMNTQFTAVGKEFNNLERRIENLNKKVDDGFLDIWTYNAELLVLLENERTLDFHDSNVRNLYEKVKSQLKNNAKEIGNGCFEFYHKCDDACMESVRNGTYDYPKYSEESKLNREEIDGVKLESMGVYQILAIYSTVASSLVLLVSLGAISFWMCSNGSLQCRICI
A/New York/230/2003,H1,human,CY002624.1,293-noSA,332.5,1.0,MKVKLLVLLCTFTATYADTICIGYHANNSTDTVDTVLEKNVTVTHSVNLLEDSHNGKLCLLKGIAPLQLGNCSVAGWILGNPECELLISKESWSYIVETPNPENGTCYPGYFADYEELREQLSSVSSFERFEIFPKESSWPNHTVTGVSASCSHNGKSSFYKNLLWLTGKNGLYPNLSKSYANNKEKEVLVLWGVHHPPNIGDQRALYHTENAYVSVVSSHYSRRFTPEIAKRPKVRDQEGRINYYWTLLEPGDTIIFEANGNLIAPRYAFALSRGFGSGIITSNAPMDECDAKCQTPQGAINSSLPFQNVHPVTIGECPKYVRSAKLRMVTGLRNIPSIQSRGLFGAIAGFIEGGWTGMVDGWYGYHHQNEQGSGYAADQKSTQNAINGITNKVNSVIEKMNTQFTAVGKEFNKLERRMENLNKKVDDGFLDIWTYNAELLVLLENERTLDFHDSNVKNLYEKVKSQLKNNAKEIGNGCFEFYHKCNDECMESVKNGTYDYPKYSEESKLNREKIDGVKLESMGVYQILAIYSTVASSLVLLVSLGAISFWMCSNGSLQCRICI
A/New York/762/1993,H3,human,CY012160.1,293-noSA,44620.0,1.0,MKTIIALSYILCLVFAQKLPGNDNSTATLCLGHHAVPNGTLVKTITNDQIEVTNATELVQSSSTGRICDSPHRILDGKNCTLIDALLGDPHCDGFQNKEWDLFVERSKAYSNCYPYDVPDYASLRSLVASSGTLEFINEDFNWTGVAQDGKSYACKRGSVNSFFSRLNWLHKLEYKYPALNVTMPNNGKFDKLYIWGVHHPSTDSDQTSLYVRASGRVTVSTKRSQQTVIPNIGSRPWVRGLSSRISIYWTIVKPGDILLINSTGNLIAPRGYFKIRNGKSSIMRSDAPIGNCSSECITPNGSIPNDKPFQNVNRITYGACPRYVKQNTLKLATGMRNVPEKQTRGIFGAIAGFIENGWEGMVDGWYGFRHQNSEGTGQAADLKSTQAAIDQINGKLNRLIEKTNEKFHQIEKEFSEVEGRIQDLEKYVEDTKIDLWSYNAELLVALENQHTIDLTDSEMNKLFERTRKQLRENAEDMGNGCFKIYHKCDNACIGSIRNGTYDHDVYRDEALNNRFQIKGVELKSGYKDWILWISFAISCFLLCVVLLGFIMWACQKGNIRCNICI
A/Siena/10/1989,H1,human,CY036823.1,293-noSA,1942.1,1.0,MKAKLLVLLCAFTATDADTICIGYHANNSTDTVDTVLEKNVTVTHSVNLLEDSHNGKLCRLKGIAPLQLGNCSIAGWILGNPECESLFSKESWSYIAETPNSENGTCYPGYFADYEELREQLSSVSSFERFEIFPKESSWPNHTVTKGVTAACSHNGKSSFYRNLLWLTEKNGLYPNLSKSYVNNKEKEVLVLWGVHHPSNIGDQRAIYHTENAYVSVVSSHYSRRFTPEIAKRPKVRGQEGRINYYWTLLEPGDTIIFEANGNLIAPWYAFALSRGFGSGIITSNASMDECDAKCQTPQGAINSSLPFQNVHPVTIGECPKYVRSTKLRMVTGLRNIPSVQSRGLFGAIAGFIEGGWTGMIDGWYGYHHQNEQGSGYAADQKSTQNAINGITNKVNSVIEKMNTQFTAVGKEFNKLERRMENLNKKVDDGFLDIWTYNAELLVLLENERTLDFHDSNVKNLYEKVKSQLKNNAKEIGNGCFEFYHKCNNECMESVKNGTYDYPKYSEESKLNREKIDGVKLESMGVYQILAIYSTVASSLVLLVSLGAISFWMCSNGSLQCRICI
A/WSN/1933,H1,human,CY034132.1,293-noSA,30270.0,1.0,MFIPLIFLPQLLGNVLVCVLAHHFGKEFATMKAKLLVLLYAFVATDADTICIGYHANNSTDTVDTILEKNVAVTHSVNLLEDSHNGKLCKLKGIAPLQLGKCNITGWLLGNPECDSLLPARSWSYIVETPNSENGACYPGDLIDYEELREQLSSVSSLERFEIFPKESSWPNHTFNGVTVSCSHRGKSSFYRNLLWLTKKGDSYPKLTNSYVNNKGKEVLVLWGVHHPSSSDEQQSLYSNGNAYVSVASSNYNRRFTPEIAARPKVRDQHGRMNYYWTLLEPGDTIIFEATGNLIAPWYAFALSRGFESGIITSNASMHECNTKCQTPQGAINSNLPFQNIHPVTIGECPKYVRSTKLRMVTGLRNIPSIQYRGLFGAIAGFIEGGWTGMIDGWYGYHHQNEQGSGYAADQKSTQNAINGITNKVNSVIEKMNTQFTAVGKEFNNLEKRMENLNKKVDDGFLDIWTYNAELLVLLENERTLDFHDLNVKNLYEKVKSQLKNNAKEIGNGCFEFYHKCDNECMESVRNGTYDYPKYSEESKLNREKIDGVKLESMGVYQILAIYSTVASSLVLLVSLGAISFWMCSNGSLQCRICI
A/WSN/1933-H141Y,H1,human,,293-noSA,35170.0,1.0,MFIPLIFLPQLLGNVLVCVLAHHFGKEFATMKAKLLVLLYAFVATDADTICIGYHANNSTDTVDTILEKNVAVTHSVNLLEDSHNGKLCKLKGIAPLQLGKCNITGWLLGNPECDSLLPARSWSYIVETPNSENGACYPGDLIDYEELREQLSSVSSLERFEIFPKESSWPNHTFNGVTVSCSYRGKSSFYRNLLWLTKKGDSYPKLTNSYVNNKGKEVLVLWGVHHPSSSDEQQSLYSNGNAYVSVASSNYNRRFTPEIAARPKVRDQHGRMNYYWTLLEPGDTIIFEATGNLIAPWYAFALSRGFESGIITSNASMHECNTKCQTPQGAINSNLPFQNIHPVTIGECPKYVRSTKLRMVTGLRNIPSIQYRGLFGAIAGFIEGGWTGMIDGWYGYHHQNEQGSGYAADQKSTQNAINGITNKVNSVIEKMNTQFTAVGKEFNNLEKRMENLNKKVDDGFLDIWTYNAELLVLLENERTLDFHDLNVKNLYEKVKSQLKNNAKEIGNGCFEFYHKCDNECMESVRNGTYDYPKYSEESKLNREKIDGVKLESMGVYQILAIYSTVASSLVLLVSLGAISFWMCSNGSLQCRICI
A/blue-winged teal/Alberta/221/1978,H3,avian,CY185705.1,293-noSA,3456.0,1.0,MKTIIVLSYLFCLALSQNYSESNNSTATLCLGHHAVPNGTIVKTITDDQIEVTNATELVQSSSTGKICNNPHRILDGRDCTLIDALLGDPHCDVFQDETWDLYVERSSAFSNCYPYDVPDYASLRSLVASSGTLEFITEGFTWTGVTQNGGSNACKRGPASGFFSRLNWLTKSGSAYPVLNVTKPNNDNFDKLYVWGVHHPSTNQEQTNLYVQASGRVTVSTRRSQQTIIPNIGSRPWVRGQSGRISIYWTIVKPGDVLVINSNGNLIAPRGYFKMRTGKSSIMRSDAPIDTCISECITPNGSIPNDKPFQNVNKITYGACPKYVKQSTLKLATGMRNVPEKQTRGLFGAIAGFIENGWEGMIDGWYGFRHQNSEGTGQAADLKSTQAAIDQINGKLNRVIEKTNEKFHQIEKEFSEVEGRIQDLEKYVEDTKIDLWSYNAELLVALENQHTIDLTDSEMNKLFEKTRRQLRENAEDMGNGCFKIYHKCDNACIESIRNGTYDHDIYRDEALNNRFQIKGVELKSGYKDWILWISFAISCFLLCVVLLGFIMWACQRGNIRCNICI
A/duck/Buryatia/664-5465/1988,H3,avian,MK907683.1,293-noSA,21202.0,1.0,MKTIIALSYIFCLAFGQGLPGNDNSTATLCLGHHAVPNGTLVKTITDDQIEVTNATELVQSSSTGKICNNPHRILDGRDCTLIDALLGDPHCDVFQDETWDLFVERSSAFSNCYPYDVPDYASLRSLVASSGTLEFITEGFTWTGVTQNGGSNACKRGPASGFFSRLNWLTKSGSTYPVLNVTMPNNDNFDKLYIWGVHHPSTNQEQTNLYVQASGSVTVSTRRSQQTIIPNIGSRPWVRGQSGRISIYWTVVKPGDVLVINSNGNLIAPRGYFKMRTGKSSIMRSDAPIDTCISECITPNGSIPNDKPFQNVNKITYGACPKYVKQNTLKLATGMRNVPEKQTRGLFGAIAGFIENGWEGMIDGWYGFRHQNSEGTGQAADLKSTQAAIDQINGKLNRVIEKTNEKFHQIEKEFSEVEGRIQDLEKYVEDTKIDLWSYNAELLVALENQHTIDLTDSEMNKLFEKTKRQLRENAEDMGNGCFKIYHKCDNACIESIRNGTYDHDVYRDEALNNRFQIKGVELKSGYKDWILWISFAISCFLLCVVLLGFIMWACQRGNIRCNICI
A/herring gull/DE/698/1988,H2,avian,CY003907.1,293-noSA,83.21000000000001,1.0,MAIIYLILLFTAVRGDQICIGYHSNNSTEKVDTILERNVTVTHAQDILEKTHNGKLCKLNGIPPLELRDCSIAGWLLGNPECDILLTVPEWSYIIEKENPRNGLCYPGSFNDYEELKHLISSVTHFEKVKILPRNEWTQHTTTGGSQACAAYGGPSFFRNMVWLTKKGSNYPIAKRSYNNTSGEQMLIIWGIHHPNDESEQRALYQNVGTYVSVGTSTLNKRSIPEIATRPKVNGQGGRMEFSWTILDIWDTINFESTGNLIAPEYGFKISKRGSSGIMKTEGKLENCETKCQTPLGAINTTLPFHNIHPLTIGECPKYVKSERLVLATGLRNVPQIESRGLFGAIAGFIEGGWQGMVDGWYGYHHSNDQGSGYAADKESTQKAIDGITNKVNSVIEKINTQFEAVGKEFSNLERRLENLNKKMEDGFLDVWTYNAELLVLMENERTLDFHDSNVKNLYDKVRMQLRDNAKELGNGCFEFYHKCDDECMNSVKNGTYDYSKYEEESKLNRTEIKGVKLSNMGVYQILAIYATVAGSLSLAIMIAGISIWMCSNGSLQCRICI
A/mallard duck/Alberta/282/1977,H1,avian,MK787452.1,293-noSA,90.02000000000001,1.0,MEAKLFVLFCTFTVLKADTICVGYHANNSTDTVDTVLEKNVTVTHSVNLLEDSHNGKLCSLNGIAPLQLGKCNVAGWLLGNPECDLLLTANSWSYIIETSNSENGTCYPGEFIDYEELREQLSSVSSFEKFEIFPKASSWPNHETTKGVTAACPYSGASSFYRNLLWIIKKGTSYPKLSKSYTNNKGKEVLVLWGVHHPPTVDEQQSLYQNADAYVSVGSSKYNRRFTPEIAARPMVRGQAGRMNYYWTLLDQGDTITFEATGNLIAPWYAFALNKGSDSGIITSDAPVHNCDTRCQTPHGALNSSLPFQNVHPITIGECPKYVKSTKLRMATGLRNVPSIQSRGLFGAIAGFIEGGWTGMIDGWYGYHHQNEQGSGYAADQKSTQNAIDGITNKVNSVIEKMNTQFTAVGKEFNNLERRIENLNKKVDDGFLDVWTYNAELLVLLENERTLDFHDSNVRNLYEKVKSQLRNNAKELGNGCFEFYHKCDDECMESVKNGTYDYPKYSEESKLNREEIDGVKLESMGVYQILAIYSTVASSLVLLVSLGAISFWMCSNGSLQCRICI
A/mallard/Alberta/33/2001,H2,avian,CY117381.1,293-noSA,144.54000000000002,1.0,MTITFLILLFTVVKGDQICIGYHANNSTEKVDTILERNVTVTHAKDILEKTHNGKLCKLSGIPPLELGDCSIAGWLLGNPECDRLLSVPEWSYIVEKENPANGLCYPGSFNDYEELKHLLTSVTHFEKVRIMPRDQWTQHTTTGGSRACAVSGNPSFFRNMVWLTKKGSNYPTAKRSYNNTSGEQMLVIWGVHHPNDDTEQRTLYQNVGTYVSVGTSTLNKRSTPEIATRPKVNGQGGRMEFSWTLLEPWDVINFESTGNLIAPEYGFKISKRGSSGIMKTEKTLENCETKCQTPLGAINTTLPFHNIHPLTIGECPKYVKSDRLVLATGLRNVPQIESRGLFGAIAGFIEGGWQGMVDGWYGYHHSNDQGSGYAADKESTQKAIDGITNKVNSVIEKMNTQFEAAGKEFNNLERRLENLNKKMEDGFLDVWTYNAELLVLMENERTLDFHDSNVKNLYDKVRMQLRDNAKEIGNGCFEFYHKCDDECMDSVRNGTYDYPKYEEESKLNRNEIKGVKLSNMGVYQILAIYATVAGSLSLAIMIAGISFWMCSNGSLQCRICI
A/mallard/Alberta/77/1977,H2,avian,CY003847.1,293-noSA,85.08000000000001,1.0,MTITFLILLFTVVKGDQICIGYHANNSTEKVDTILERNITVTHAKDILEKTHNGKLCRLSGIPPLELGDCSIAGWLLGNPECDRLLSVPEWSYIVEKENPTNGLCYPGNFNDYEELKHLLTSVTHFEKIKILPRDQWTQHTTTGGSRACAVSGNPSFFRNMVWLTKKGSNYPVAKRSYNNTSGEQMLIIWGIHHPNDDTEQRTLYQNVGTYVSVGTSTVNKRSIPEIATRPKVNGQGGRMEFSWTLLETWDVINFESTGNLIAPEYGFKISKRGSSGIMKTEKTLENCETKCQTPLGAINTTLPFHNIHPLTIGECPKYVKSDRLVLATGLRNVPQIESKGLFGAIAGFIEGGWQGMIDGWYGYHHSNDQGSGYAADKESTQKAIDGITNKVNSVIEKMNTQFEAVGKEFNNLERRLENLNKKMEDGFLDVWTYNAELLVLMENERTLDFHDSNVKNLYDKVRMQLRDNAKEIGNGCFEFYHKCDDECMNSIRNGTYDYPKYEEESKLNRNEIKGVKLSNMGVYQILAIYATVAGSLSLAIMIAGISFWMCSNGSLQCRICI
A/swine/Guangdong/01/2008,H1,swine,CY091729.1,293-noSA,618.6,1.0,MKAILVFLLYTFATANADTLCIGYHANNSTDTVDTVLEKNVTVTHSVNLLEDRHNGKLCKLRGVAPLHLGKCNIAGWLLGNPECELLFTASSWSYIVETSNSDNGTCYPGDFINYEELREQLSSVSSFERFEMFPKSSSWPNHETNRGVTAACPYAGANSFYRNLIWLVKKEDSYPKLSKSYINNKEKEVLVLWGIHHPPTSADQQSLYQNADAYVFVGSSKYNKKFRPEIAARPKVRGQTGRMNYYWTLVEPGDTITFEATGNLVVPRYAFAMKRGSGSGIIISDTPVHDCNTTCQTPKGAINTSLPFQNIHPVTIGECPKYVKSTNLRMATGLRNIPSIQSRGLFGAIAGFIEGGWTGMIDGWYGYHHQNEQGSGYAADRKSTQNAIDGITNKVNSVIEKMNTQFTAVGKEFNHLEKRIENLNKKVDDGLLDVWTYNAELLVLLENERTLDYHDSNVKNLYEKVRSQLKNNAKEIGNGCFEFYHKCDDTCMESVRNGTYDYPKYSEEAKLNREEIDGVKLESTRIYQILAIYSTVASSLVLLVSLGAISFWMCSNGSLQCRICI
A/swine/Iowa/15/1930,H1,swine,EU139823.1,293-noSA,41090.0,1.0,MKAILLVLLCAFAATNADTLCIGYHANNSTDTVDTVLEKNVTVTHSVNLLEDSHNGKLCRLGGIAPLQLGKCNIAGWLLGNPECDLLLTVSSWSYIVETSNSDNGTCYPGDFIDYEELREQLSSVSSFEKFEIFPKTSSWPNHETTRGVTAACPYAGASSFYRNLLWLVKKENSYPKLSKSYVNNKGKEVLVLWGVHHPPTSTDQQSLYQNADAYVSVGSSKYDRRFTPEIAARPKVRGQAGRMNYYWTLLEPGDTITFEATGNLVAPRYAFALNRGSESGIITSDAPVHDCDTKCQTPHGAINSSLPFQNIHPVTIGECPKYVKSTKLRMVTGLRNIPSIQSRGLFGAIAGFIEGGWTGLIDGWYGYHHQNGQGSGYAADQKSTQNAIDGITNKVNSVIEKMNTQFTVVGKEFNNLERRIKNLNKKVDDGFLDVWTYNAELLVLLENERTLDFHDSNVKNLYEKARSQLRNNAKEIGNGCFEFYHKCDDACMESVRNGTYDYPKYSEESKLNREEIDGVKLESMMVYQILAIYSTVASSLVLLVSLGAISFWMCSNGSLQCRICI
A/swine/North Carolina/00396/2004,H1,swine,CY159674.1,293-noSA,64.08,1.0,MKAILVVLLYTFTTAKADTLCIGYHANNSTDTVDTVLEKNVTVTHSVNLLENRHNGKLCKLRGVAPLHLGKCNIAGWLLGNPECESLSTASSWSYIVETSNSDNGTCYPGDFINYEELREQLSSVSSFERFEIFPKTSSWPNHDTNRGVTAACPHAGANSFYRNLIWLVKKGNSYPKISKSYINNKEKEVLVLWGIHHPSTSADQQSLYQNADAYVFVGSSRYSRKFKPEIATRPKVRDQAGRMNYYWTLVEPGDKITFEATGNLVVPRYAFALKRNSGSGIIISDTSVHDCNTTCQTPKGAINTSLPFQNIHPVTIGECPKYVKSTKLRMATGLRNIPSIQSRGLFGAIAGFIEGGWTGMIDGWYGYHHQNEQGSGYAADLKSTQNAIDGITNKVNSVIEKMNTQFTAVGKEFSHLEKRIENLNKKVDDGFLDIWTYNAELLVLLENERTLDYHDSNVKNLYEKVRNQLKNNAKEIGNGCFEFYHKCDDTCMESVKNGTYDYPKYSEEAKLNREEIDGVKLESTRIYQILAIYSTVASSLVLVVSLGAISFWMCSNGSLQCRICI
A/wild duck/SH17-34/2008,H2,avian,KC899733.1,293-noSA,85.42,1.0,MAIIYLVLLFTVVRGDQICIGYHSNNSTKKVDTILERNVTVTHAQDILEKTHNGKLCKLNGIPPLELGDCSIAGWLLGNPECDRLLTVPEWSYIMERENPRNGLCYPGSFNDYEELKHLLSSVTHFEKVKILPRDRWTQHTTTGGSRACAVFGNPSFFRNMVWLTKKGSNYPVAKGSYNNTSGEQMLVIWGVHHPNDEAEQRTLYQNVGTYVSVGTSILNKRSVPEIATRPKVNGQGGRMEFSWTILDMLDTINFESTGNLVAPEYGFKISKRGSSGIMKTEGTLENCETKCQTPLGAINTTLPFHNIHPLTIGECPKYVKSERLVLATGLRNVPQIESRGLFGAIAGFIEGGWQGMVDGWYGYHHSNDQGSGYAADKESTQKAIDGITNKVNSVIEKMNTQFEAVGKEFSNLEKRLENLNKKMEDGFLDVWTYNAELLVLMENERTLDFHDSNVKNLYDKVRMQLRDNAKELGNGCFEFYHKCDDECMNSVKNGTYDYPKYEEESKLNRNEIKGVKLNNMGVYQILAIYATVAGSLSLAIMIAGISLWMCSNGSLQCRICI
A/yellow-billed pintail/Argentina/CIP112-3626/2019,H3,avian,PP502597.1,293-noSA,43620.0,1.0,MKTITALVLLAHWAYSQNPINGNDTATLCLGHHAVANGTLVKTITDDQIEVTNATELVQSISTGKICNNPHRVLDGRDCTLIDAMLGDPHCDVFQDENWDLFIERSNAFSNCYPYDVPDYASLRSLVASSGTLEFITEGFTWTGVTQNGGSSACKRGPANGFFSRLNWLTKSGSAYPTLNVTMPNNDNFDKLYIWGVHHPSTNDEQTNLYVQASGRVTVSTRRTQQTIIPNIGSRPWVRGQSGRISIYWTIVKPGDVIVINSNGNLIAPRGYFKMRTGKSSVMRSDAPIDTCVSECITPNGSIPNNKPFQNVNKITYGNCPKYVKQNTLKLATGMRNVPEKQTRGLFGAIAGFIENGWQGMVDGWYGFRHQNSEGTGQAADLKSTQAAIDQINGKLNRVIEKTNEKFHQIEKEFSEVEGRIQDLEKYVEDTKIDLWSYNAELLVALENQHTIDLTDAEMNKLFEKTRRQLRENAEDMGNGCFKIYHKCDNACIESIRNGTYDHDIYRDEALNNRFQIKGVELKSGYKDWILWISFAISCFLLCVVLLGFIMWACQRGNIRCNICI
VSV-G,VSV-G,cattle,,293-noSA,7549000.0,1.0,
