strain,cell_line,mean_RLUperuL,std_RLUperuL,count,ID,subtype,host,Genbank,plasmid_log_no,protein_sequence,sem_RLUperuL,lower_bound,upper_bound
A/duck/Anhui/A1809/2014,293-SA23,211.8,16.122034611053284,2,25,H3,avian,KP765915.1,5791.0,MKTVIALSYIFCLAFSQDLPGNDNSTATLCLGHHAVPNGTIVKTITDDQIEVTNATELVQSSSTGKICNNPHRVLDGRDCTLIDALLGDPHCDVLQDETWDLFVERSNAFSNCYPYDVPDYASLRSLVASSGTLEFITEGFTWTGVTQNGGSGACKRGPANGFFSRLNWLTKSGNAYPVLNVTMPNNDNFDKLYIWGVHHPSTNQEQTSLYVQASGRVTVSTRRSQQTIIPNIGSRPWVRGQSGRISIYWTIVKPGDVLVINSNGNLIAPRGYFKMRIGRSSIMRSDAPIDTCISECITPNGSIPNDKPFQNVNKITYGACPKYVKQNSLKLASGMRNVREKQTRGLFGAIAGFIENGWEGMIDGWYGLRHQNFEGTGQAADIKSTQAAIDQINGKLNRVIEKTNDKFHQMEKEFSEVEGRIQDLEKYVEDTKVDLWSYNAELLIALENQHTIDAADSEMNKLFEKTRRQLRENAEDMGNGCFKIYHKCDNACIESIRNGTYNHDIYRDEALNNRFQIKGVELKSGYKDWILWISFAISCFLLCVVLVGFIVWACQRGNFRCTICI,11.399999999999999,200.4,223.20000000000002
A/duck/Anhui/A1809/2014,293-SA26,345.4,37.9009234715989,2,25,H3,avian,KP765915.1,5791.0,MKTVIALSYIFCLAFSQDLPGNDNSTATLCLGHHAVPNGTIVKTITDDQIEVTNATELVQSSSTGKICNNPHRVLDGRDCTLIDALLGDPHCDVLQDETWDLFVERSNAFSNCYPYDVPDYASLRSLVASSGTLEFITEGFTWTGVTQNGGSGACKRGPANGFFSRLNWLTKSGNAYPVLNVTMPNNDNFDKLYIWGVHHPSTNQEQTSLYVQASGRVTVSTRRSQQTIIPNIGSRPWVRGQSGRISIYWTIVKPGDVLVINSNGNLIAPRGYFKMRIGRSSIMRSDAPIDTCISECITPNGSIPNDKPFQNVNKITYGACPKYVKQNSLKLASGMRNVREKQTRGLFGAIAGFIENGWEGMIDGWYGLRHQNFEGTGQAADIKSTQAAIDQINGKLNRVIEKTNDKFHQMEKEFSEVEGRIQDLEKYVEDTKVDLWSYNAELLIALENQHTIDAADSEMNKLFEKTRRQLRENAEDMGNGCFKIYHKCDNACIESIRNGTYNHDIYRDEALNNRFQIKGVELKSGYKDWILWISFAISCFLLCVVLVGFIVWACQRGNFRCTICI,26.799999999999965,318.6,372.19999999999993
A/duck/Anhui/A1809/2014,293-noSA,193.24,5.374011537017747,2,25,H3,avian,KP765915.1,5791.0,MKTVIALSYIFCLAFSQDLPGNDNSTATLCLGHHAVPNGTIVKTITDDQIEVTNATELVQSSSTGKICNNPHRVLDGRDCTLIDALLGDPHCDVLQDETWDLFVERSNAFSNCYPYDVPDYASLRSLVASSGTLEFITEGFTWTGVTQNGGSGACKRGPANGFFSRLNWLTKSGNAYPVLNVTMPNNDNFDKLYIWGVHHPSTNQEQTSLYVQASGRVTVSTRRSQQTIIPNIGSRPWVRGQSGRISIYWTIVKPGDVLVINSNGNLIAPRGYFKMRIGRSSIMRSDAPIDTCISECITPNGSIPNDKPFQNVNKITYGACPKYVKQNSLKLASGMRNVREKQTRGLFGAIAGFIENGWEGMIDGWYGLRHQNFEGTGQAADIKSTQAAIDQINGKLNRVIEKTNDKFHQMEKEFSEVEGRIQDLEKYVEDTKVDLWSYNAELLIALENQHTIDAADSEMNKLFEKTRRQLRENAEDMGNGCFKIYHKCDNACIESIRNGTYNHDIYRDEALNNRFQIKGVELKSGYKDWILWISFAISCFLLCVVLVGFIVWACQRGNFRCTICI,3.7999999999999896,189.44000000000003,197.04
A/duck/Anhui/A1809/2014,293-noSA-human-MHCII-0301,247.8,29.415642097360394,2,25,H3,avian,KP765915.1,5791.0,MKTVIALSYIFCLAFSQDLPGNDNSTATLCLGHHAVPNGTIVKTITDDQIEVTNATELVQSSSTGKICNNPHRVLDGRDCTLIDALLGDPHCDVLQDETWDLFVERSNAFSNCYPYDVPDYASLRSLVASSGTLEFITEGFTWTGVTQNGGSGACKRGPANGFFSRLNWLTKSGNAYPVLNVTMPNNDNFDKLYIWGVHHPSTNQEQTSLYVQASGRVTVSTRRSQQTIIPNIGSRPWVRGQSGRISIYWTIVKPGDVLVINSNGNLIAPRGYFKMRIGRSSIMRSDAPIDTCISECITPNGSIPNDKPFQNVNKITYGACPKYVKQNSLKLASGMRNVREKQTRGLFGAIAGFIENGWEGMIDGWYGLRHQNFEGTGQAADIKSTQAAIDQINGKLNRVIEKTNDKFHQMEKEFSEVEGRIQDLEKYVEDTKVDLWSYNAELLIALENQHTIDAADSEMNKLFEKTRRQLRENAEDMGNGCFKIYHKCDNACIESIRNGTYNHDIYRDEALNNRFQIKGVELKSGYKDWILWISFAISCFLLCVVLVGFIVWACQRGNFRCTICI,20.80000000000001,227.0,268.6
A/duck/Anhui/A1809/2014,293-noSA-human-MHCII-1503,188.74,26.954910498831197,2,25,H3,avian,KP765915.1,5791.0,MKTVIALSYIFCLAFSQDLPGNDNSTATLCLGHHAVPNGTIVKTITDDQIEVTNATELVQSSSTGKICNNPHRVLDGRDCTLIDALLGDPHCDVLQDETWDLFVERSNAFSNCYPYDVPDYASLRSLVASSGTLEFITEGFTWTGVTQNGGSGACKRGPANGFFSRLNWLTKSGNAYPVLNVTMPNNDNFDKLYIWGVHHPSTNQEQTSLYVQASGRVTVSTRRSQQTIIPNIGSRPWVRGQSGRISIYWTIVKPGDVLVINSNGNLIAPRGYFKMRIGRSSIMRSDAPIDTCISECITPNGSIPNDKPFQNVNKITYGACPKYVKQNSLKLASGMRNVREKQTRGLFGAIAGFIENGWEGMIDGWYGLRHQNFEGTGQAADIKSTQAAIDQINGKLNRVIEKTNDKFHQMEKEFSEVEGRIQDLEKYVEDTKVDLWSYNAELLIALENQHTIDAADSEMNKLFEKTRRQLRENAEDMGNGCFKIYHKCDNACIESIRNGTYNHDIYRDEALNNRFQIKGVELKSGYKDWILWISFAISCFLLCVVLVGFIVWACQRGNFRCTICI,19.060000000000002,169.68,207.8
A/duck/Anhui/A1809/2014,293-noSA-tufted-duck-MHCII,297.29999999999995,19.94041122946061,2,25,H3,avian,KP765915.1,5791.0,MKTVIALSYIFCLAFSQDLPGNDNSTATLCLGHHAVPNGTIVKTITDDQIEVTNATELVQSSSTGKICNNPHRVLDGRDCTLIDALLGDPHCDVLQDETWDLFVERSNAFSNCYPYDVPDYASLRSLVASSGTLEFITEGFTWTGVTQNGGSGACKRGPANGFFSRLNWLTKSGNAYPVLNVTMPNNDNFDKLYIWGVHHPSTNQEQTSLYVQASGRVTVSTRRSQQTIIPNIGSRPWVRGQSGRISIYWTIVKPGDVLVINSNGNLIAPRGYFKMRIGRSSIMRSDAPIDTCISECITPNGSIPNDKPFQNVNKITYGACPKYVKQNSLKLASGMRNVREKQTRGLFGAIAGFIENGWEGMIDGWYGLRHQNFEGTGQAADIKSTQAAIDQINGKLNRVIEKTNDKFHQMEKEFSEVEGRIQDLEKYVEDTKVDLWSYNAELLIALENQHTIDAADSEMNKLFEKTRRQLRENAEDMGNGCFKIYHKCDNACIESIRNGTYNHDIYRDEALNNRFQIKGVELKSGYKDWILWISFAISCFLLCVVLVGFIVWACQRGNFRCTICI,14.099999999999978,283.2,311.3999999999999
A/equine/Argentina/E131/1994,293-SA23,149.74,13.519881656286792,2,30,H3,equine,KX815361.1,5796.0,MKTTIILILLTHWVYSQNPTSGNNTATLCLGHHAVANGTLVKTITDDQIEVTNATELVQSISIGKICNNSYRVLDGRNCTLIDAMLGDPHCDVFQYENWDLFIERSSAFSNCYPYDIPDYASLRSIVASSGTLEFTAEGFTWTGVTQNGRSGSCKRGSADSFFSRLNWLTKSGNSYPTLNVTMPNNKNFDKLYIWGIHHPSSNNEQTKLYIQESGRVTVSTKRSQQTIIPNIGSRPWVRGQSGRISIYWTIVKPGDILMINSNGNLVAPRGYFKLKTGKSSVMRSDAPIDICVSECITPNGSIPNDKPFQNVNKITYGKCPKYIRQKTLKLATGMRNVPEKQIRGIFGAIAGFIENGWEGMVDGWYGFRYQNSEGTGQAADLKSTQAAIDQINGKLNRVIERTNEKFHQIEKEFSEVEGRIQDLEKYVEDTKIDLWSYNAELLVALENQHTIDLTDAEMNKLFEKTRRQLRENAEDMGGGCFKIYHKCDNACIGSIRNGTYDHYIYRDEALNNRFQIKGVELKSGYKDWILWISFAISCFLICVVLLGFIMWACQKGNIRCNICI,9.560000000000002,140.18,159.3
A/equine/Argentina/E131/1994,293-SA26,102.39,20.03940617882676,2,30,H3,equine,KX815361.1,5796.0,MKTTIILILLTHWVYSQNPTSGNNTATLCLGHHAVANGTLVKTITDDQIEVTNATELVQSISIGKICNNSYRVLDGRNCTLIDAMLGDPHCDVFQYENWDLFIERSSAFSNCYPYDIPDYASLRSIVASSGTLEFTAEGFTWTGVTQNGRSGSCKRGSADSFFSRLNWLTKSGNSYPTLNVTMPNNKNFDKLYIWGIHHPSSNNEQTKLYIQESGRVTVSTKRSQQTIIPNIGSRPWVRGQSGRISIYWTIVKPGDILMINSNGNLVAPRGYFKLKTGKSSVMRSDAPIDICVSECITPNGSIPNDKPFQNVNKITYGKCPKYIRQKTLKLATGMRNVPEKQIRGIFGAIAGFIENGWEGMVDGWYGFRYQNSEGTGQAADLKSTQAAIDQINGKLNRVIERTNEKFHQIEKEFSEVEGRIQDLEKYVEDTKIDLWSYNAELLVALENQHTIDLTDAEMNKLFEKTRRQLRENAEDMGGGCFKIYHKCDNACIGSIRNGTYDHYIYRDEALNNRFQIKGVELKSGYKDWILWISFAISCFLICVVLLGFIMWACQKGNIRCNICI,14.17,88.22,116.56
A/equine/Argentina/E131/1994,293-noSA,52.8,6.250823945689075,2,30,H3,equine,KX815361.1,5796.0,MKTTIILILLTHWVYSQNPTSGNNTATLCLGHHAVANGTLVKTITDDQIEVTNATELVQSISIGKICNNSYRVLDGRNCTLIDAMLGDPHCDVFQYENWDLFIERSSAFSNCYPYDIPDYASLRSIVASSGTLEFTAEGFTWTGVTQNGRSGSCKRGSADSFFSRLNWLTKSGNSYPTLNVTMPNNKNFDKLYIWGIHHPSSNNEQTKLYIQESGRVTVSTKRSQQTIIPNIGSRPWVRGQSGRISIYWTIVKPGDILMINSNGNLVAPRGYFKLKTGKSSVMRSDAPIDICVSECITPNGSIPNDKPFQNVNKITYGKCPKYIRQKTLKLATGMRNVPEKQIRGIFGAIAGFIENGWEGMVDGWYGFRYQNSEGTGQAADLKSTQAAIDQINGKLNRVIERTNEKFHQIEKEFSEVEGRIQDLEKYVEDTKIDLWSYNAELLVALENQHTIDLTDAEMNKLFEKTRRQLRENAEDMGGGCFKIYHKCDNACIGSIRNGTYDHYIYRDEALNNRFQIKGVELKSGYKDWILWISFAISCFLICVVLLGFIMWACQKGNIRCNICI,4.419999999999996,48.38,57.21999999999999
A/equine/Argentina/E131/1994,293-noSA-human-MHCII-0301,102.36,1.7253405460951743,2,30,H3,equine,KX815361.1,5796.0,MKTTIILILLTHWVYSQNPTSGNNTATLCLGHHAVANGTLVKTITDDQIEVTNATELVQSISIGKICNNSYRVLDGRNCTLIDAMLGDPHCDVFQYENWDLFIERSSAFSNCYPYDIPDYASLRSIVASSGTLEFTAEGFTWTGVTQNGRSGSCKRGSADSFFSRLNWLTKSGNSYPTLNVTMPNNKNFDKLYIWGIHHPSSNNEQTKLYIQESGRVTVSTKRSQQTIIPNIGSRPWVRGQSGRISIYWTIVKPGDILMINSNGNLVAPRGYFKLKTGKSSVMRSDAPIDICVSECITPNGSIPNDKPFQNVNKITYGKCPKYIRQKTLKLATGMRNVPEKQIRGIFGAIAGFIENGWEGMVDGWYGFRYQNSEGTGQAADLKSTQAAIDQINGKLNRVIERTNEKFHQIEKEFSEVEGRIQDLEKYVEDTKIDLWSYNAELLVALENQHTIDLTDAEMNKLFEKTRRQLRENAEDMGGGCFKIYHKCDNACIGSIRNGTYDHYIYRDEALNNRFQIKGVELKSGYKDWILWISFAISCFLICVVLLGFIMWACQKGNIRCNICI,1.2199999999999986,101.14,103.58
A/equine/Argentina/E131/1994,293-noSA-human-MHCII-1503,58.019999999999996,2.3475945135393403,2,30,H3,equine,KX815361.1,5796.0,MKTTIILILLTHWVYSQNPTSGNNTATLCLGHHAVANGTLVKTITDDQIEVTNATELVQSISIGKICNNSYRVLDGRNCTLIDAMLGDPHCDVFQYENWDLFIERSSAFSNCYPYDIPDYASLRSIVASSGTLEFTAEGFTWTGVTQNGRSGSCKRGSADSFFSRLNWLTKSGNSYPTLNVTMPNNKNFDKLYIWGIHHPSSNNEQTKLYIQESGRVTVSTKRSQQTIIPNIGSRPWVRGQSGRISIYWTIVKPGDILMINSNGNLVAPRGYFKLKTGKSSVMRSDAPIDICVSECITPNGSIPNDKPFQNVNKITYGKCPKYIRQKTLKLATGMRNVPEKQIRGIFGAIAGFIENGWEGMVDGWYGFRYQNSEGTGQAADLKSTQAAIDQINGKLNRVIERTNEKFHQIEKEFSEVEGRIQDLEKYVEDTKIDLWSYNAELLVALENQHTIDLTDAEMNKLFEKTRRQLRENAEDMGGGCFKIYHKCDNACIGSIRNGTYDHYIYRDEALNNRFQIKGVELKSGYKDWILWISFAISCFLICVVLLGFIMWACQKGNIRCNICI,1.6600000000000017,56.35999999999999,59.68
A/equine/Argentina/E131/1994,293-noSA-tufted-duck-MHCII,84.92,4.468914857098976,2,30,H3,equine,KX815361.1,5796.0,MKTTIILILLTHWVYSQNPTSGNNTATLCLGHHAVANGTLVKTITDDQIEVTNATELVQSISIGKICNNSYRVLDGRNCTLIDAMLGDPHCDVFQYENWDLFIERSSAFSNCYPYDIPDYASLRSIVASSGTLEFTAEGFTWTGVTQNGRSGSCKRGSADSFFSRLNWLTKSGNSYPTLNVTMPNNKNFDKLYIWGIHHPSSNNEQTKLYIQESGRVTVSTKRSQQTIIPNIGSRPWVRGQSGRISIYWTIVKPGDILMINSNGNLVAPRGYFKLKTGKSSVMRSDAPIDICVSECITPNGSIPNDKPFQNVNKITYGKCPKYIRQKTLKLATGMRNVPEKQIRGIFGAIAGFIENGWEGMVDGWYGFRYQNSEGTGQAADLKSTQAAIDQINGKLNRVIERTNEKFHQIEKEFSEVEGRIQDLEKYVEDTKIDLWSYNAELLVALENQHTIDLTDAEMNKLFEKTRRQLRENAEDMGGGCFKIYHKCDNACIGSIRNGTYDHYIYRDEALNNRFQIKGVELKSGYKDWILWISFAISCFLICVVLLGFIMWACQKGNIRCNICI,3.1599999999999966,81.76,88.08
A/swine/England/87842/1990,293-SA23,105.87,23.801214254739186,2,29,H3,swine,CY116315.1,5795.0,MNAIIALSYILCLVLGQGFSRNDDNIATLCLGHHAVPNGTLVKTITNDQIEVTNATELVQSSSTGKICNNPHRILDGMDCTLVDALLGDPHCDGFQNETWDLFVERSKAFSNCYPYDVPDYASLRSLVASSGTLEFINEGFNWVGVTQNGGSSACKRGSDSSFFSRLNWLYKSGNTYPVLNVTMPNNDNFDKLYIWGIHHPSTDQEQTRLYALESGRVTVSTKRSQQTVIPNVGPRPWVRGLSSRISIYWTIVKPGDILLINSNGNLIAPRGYFKMRAGKSSIIRSDAPISTCISECITPNGSVPNDKPFQNVNKITYGACPKYIRQNTLKLATGMRNIPEKQTRGIFGAKAGFIENGWEGMIDGWYGFRHQNSEGTGQAADLKSTQTAIDQINGKLNRVIEKTNEKFHQIEKEFSEVEGRIQDLEKYVEDTKIDLWSYNAELLVALENQHTIDLTDSEMNKLFEKTRRQLRENAEDIGNGCFKIYHRCDNACIGSIRNGTYNHNVYRDEALNNRFQIKGVELKSGYKEWILWISFAMSCFMLCVVLIGFIMWACQKGNIRCNICI,16.829999999999995,89.04,122.7
A/swine/England/87842/1990,293-SA26,164.99,15.259364338005716,2,29,H3,swine,CY116315.1,5795.0,MNAIIALSYILCLVLGQGFSRNDDNIATLCLGHHAVPNGTLVKTITNDQIEVTNATELVQSSSTGKICNNPHRILDGMDCTLVDALLGDPHCDGFQNETWDLFVERSKAFSNCYPYDVPDYASLRSLVASSGTLEFINEGFNWVGVTQNGGSSACKRGSDSSFFSRLNWLYKSGNTYPVLNVTMPNNDNFDKLYIWGIHHPSTDQEQTRLYALESGRVTVSTKRSQQTVIPNVGPRPWVRGLSSRISIYWTIVKPGDILLINSNGNLIAPRGYFKMRAGKSSIIRSDAPISTCISECITPNGSVPNDKPFQNVNKITYGACPKYIRQNTLKLATGMRNIPEKQTRGIFGAKAGFIENGWEGMIDGWYGFRHQNSEGTGQAADLKSTQTAIDQINGKLNRVIEKTNEKFHQIEKEFSEVEGRIQDLEKYVEDTKIDLWSYNAELLVALENQHTIDLTDSEMNKLFEKTRRQLRENAEDIGNGCFKIYHRCDNACIGSIRNGTYNHNVYRDEALNNRFQIKGVELKSGYKEWILWISFAMSCFMLCVVLIGFIMWACQKGNIRCNICI,10.790000000000013,154.2,175.78000000000003
A/swine/England/87842/1990,293-noSA,69.94,0.1979898987322341,2,29,H3,swine,CY116315.1,5795.0,MNAIIALSYILCLVLGQGFSRNDDNIATLCLGHHAVPNGTLVKTITNDQIEVTNATELVQSSSTGKICNNPHRILDGMDCTLVDALLGDPHCDGFQNETWDLFVERSKAFSNCYPYDVPDYASLRSLVASSGTLEFINEGFNWVGVTQNGGSSACKRGSDSSFFSRLNWLYKSGNTYPVLNVTMPNNDNFDKLYIWGIHHPSTDQEQTRLYALESGRVTVSTKRSQQTVIPNVGPRPWVRGLSSRISIYWTIVKPGDILLINSNGNLIAPRGYFKMRAGKSSIIRSDAPISTCISECITPNGSVPNDKPFQNVNKITYGACPKYIRQNTLKLATGMRNIPEKQTRGIFGAKAGFIENGWEGMIDGWYGFRHQNSEGTGQAADLKSTQTAIDQINGKLNRVIEKTNEKFHQIEKEFSEVEGRIQDLEKYVEDTKIDLWSYNAELLVALENQHTIDLTDSEMNKLFEKTRRQLRENAEDIGNGCFKIYHRCDNACIGSIRNGTYNHNVYRDEALNNRFQIKGVELKSGYKEWILWISFAMSCFMLCVVLIGFIMWACQKGNIRCNICI,0.14000000000000054,69.8,70.08
A/swine/England/87842/1990,293-noSA-human-MHCII-0301,162.45999999999998,63.271914780572274,2,29,H3,swine,CY116315.1,5795.0,MNAIIALSYILCLVLGQGFSRNDDNIATLCLGHHAVPNGTLVKTITNDQIEVTNATELVQSSSTGKICNNPHRILDGMDCTLVDALLGDPHCDGFQNETWDLFVERSKAFSNCYPYDVPDYASLRSLVASSGTLEFINEGFNWVGVTQNGGSSACKRGSDSSFFSRLNWLYKSGNTYPVLNVTMPNNDNFDKLYIWGIHHPSTDQEQTRLYALESGRVTVSTKRSQQTVIPNVGPRPWVRGLSSRISIYWTIVKPGDILLINSNGNLIAPRGYFKMRAGKSSIIRSDAPISTCISECITPNGSVPNDKPFQNVNKITYGACPKYIRQNTLKLATGMRNIPEKQTRGIFGAKAGFIENGWEGMIDGWYGFRHQNSEGTGQAADLKSTQTAIDQINGKLNRVIEKTNEKFHQIEKEFSEVEGRIQDLEKYVEDTKIDLWSYNAELLVALENQHTIDLTDSEMNKLFEKTRRQLRENAEDIGNGCFKIYHRCDNACIGSIRNGTYNHNVYRDEALNNRFQIKGVELKSGYKEWILWISFAMSCFMLCVVLIGFIMWACQKGNIRCNICI,44.739999999999995,117.71999999999998,207.2
A/swine/England/87842/1990,293-noSA-human-MHCII-1503,87.05,0.26870057685088483,2,29,H3,swine,CY116315.1,5795.0,MNAIIALSYILCLVLGQGFSRNDDNIATLCLGHHAVPNGTLVKTITNDQIEVTNATELVQSSSTGKICNNPHRILDGMDCTLVDALLGDPHCDGFQNETWDLFVERSKAFSNCYPYDVPDYASLRSLVASSGTLEFINEGFNWVGVTQNGGSSACKRGSDSSFFSRLNWLYKSGNTYPVLNVTMPNNDNFDKLYIWGIHHPSTDQEQTRLYALESGRVTVSTKRSQQTVIPNVGPRPWVRGLSSRISIYWTIVKPGDILLINSNGNLIAPRGYFKMRAGKSSIIRSDAPISTCISECITPNGSVPNDKPFQNVNKITYGACPKYIRQNTLKLATGMRNIPEKQTRGIFGAKAGFIENGWEGMIDGWYGFRHQNSEGTGQAADLKSTQTAIDQINGKLNRVIEKTNEKFHQIEKEFSEVEGRIQDLEKYVEDTKIDLWSYNAELLVALENQHTIDLTDSEMNKLFEKTRRQLRENAEDIGNGCFKIYHRCDNACIGSIRNGTYNHNVYRDEALNNRFQIKGVELKSGYKEWILWISFAMSCFMLCVVLIGFIMWACQKGNIRCNICI,0.1899999999999977,86.86,87.24
A/swine/England/87842/1990,293-noSA-tufted-duck-MHCII,114.81,4.850752518939711,2,29,H3,swine,CY116315.1,5795.0,MNAIIALSYILCLVLGQGFSRNDDNIATLCLGHHAVPNGTLVKTITNDQIEVTNATELVQSSSTGKICNNPHRILDGMDCTLVDALLGDPHCDGFQNETWDLFVERSKAFSNCYPYDVPDYASLRSLVASSGTLEFINEGFNWVGVTQNGGSSACKRGSDSSFFSRLNWLYKSGNTYPVLNVTMPNNDNFDKLYIWGIHHPSTDQEQTRLYALESGRVTVSTKRSQQTVIPNVGPRPWVRGLSSRISIYWTIVKPGDILLINSNGNLIAPRGYFKMRAGKSSIIRSDAPISTCISECITPNGSVPNDKPFQNVNKITYGACPKYIRQNTLKLATGMRNIPEKQTRGIFGAKAGFIENGWEGMIDGWYGFRHQNSEGTGQAADLKSTQTAIDQINGKLNRVIEKTNEKFHQIEKEFSEVEGRIQDLEKYVEDTKIDLWSYNAELLVALENQHTIDLTDSEMNKLFEKTRRQLRENAEDIGNGCFKIYHRCDNACIGSIRNGTYNHNVYRDEALNNRFQIKGVELKSGYKEWILWISFAMSCFMLCVVLIGFIMWACQKGNIRCNICI,3.429999999999996,111.38000000000001,118.24
A/swine/Shandong/9/2016,293-SA23,339.7,152.02795795510772,2,8,H1,swine,MN416649.1,5776.0,MEARLFVLFCAFTTLKADTICVGYHANNSTDTVDTILEKNVTVTHSVNLLENSHNGKLCSLNGKIPLQLGNCNVAGWILGNPKCDLLLTANSWSYIIETSNSKNGACYPGEFADYEELKEQLSTVSSFERFEIFPKATSWPNHDTTRGTTVACSHSGANSFYRNLLWIVKKGNSYPKLSKSYTNNKGKEVLVIWGVHHPPTDSNQQTLYQNNHTYVSVGSSKYYKRFTPEIVARPKVRGQAGRMNYYWTLLDQGDTITFEATGNLIAPWHAFALKKGSSSGIMRSDAQVHNCTTKCQTPLGALKGNLPFQNVHPVTIGKCPKYVKSAQLRMATGLRNIPSIQSRGLFGAIAGFIEGGWTGMVDGWYGYHHQNEQGSGYAADQKSTQIAIDGISNKVNSVIEKMNIQFTSVGKEFNSLEKRMENLNKKIDDGFLDVWTYNAELLILLENERTLDFHDLNVKNLYEKVKSQLRNNAKEIGNGCFEFYHKCNNECMESVKNGTYNYPKYSEESKLTREEIDGVKLESMGTYQILATYSTVASSLVLLVSLGAISFWMCSNGSLQCRVCI,107.5,232.2,447.2
A/swine/Shandong/9/2016,293-SA26,417.6,263.60940802634497,2,8,H1,swine,MN416649.1,5776.0,MEARLFVLFCAFTTLKADTICVGYHANNSTDTVDTILEKNVTVTHSVNLLENSHNGKLCSLNGKIPLQLGNCNVAGWILGNPKCDLLLTANSWSYIIETSNSKNGACYPGEFADYEELKEQLSTVSSFERFEIFPKATSWPNHDTTRGTTVACSHSGANSFYRNLLWIVKKGNSYPKLSKSYTNNKGKEVLVIWGVHHPPTDSNQQTLYQNNHTYVSVGSSKYYKRFTPEIVARPKVRGQAGRMNYYWTLLDQGDTITFEATGNLIAPWHAFALKKGSSSGIMRSDAQVHNCTTKCQTPLGALKGNLPFQNVHPVTIGKCPKYVKSAQLRMATGLRNIPSIQSRGLFGAIAGFIEGGWTGMVDGWYGYHHQNEQGSGYAADQKSTQIAIDGISNKVNSVIEKMNIQFTSVGKEFNSLEKRMENLNKKIDDGFLDVWTYNAELLILLENERTLDFHDLNVKNLYEKVKSQLRNNAKEIGNGCFEFYHKCNNECMESVKNGTYNYPKYSEESKLTREEIDGVKLESMGTYQILATYSTVASSLVLLVSLGAISFWMCSNGSLQCRVCI,186.40000000000003,231.2,604.0
A/swine/Shandong/9/2016,293-noSA,65.69,4.426488450227781,2,8,H1,swine,MN416649.1,5776.0,MEARLFVLFCAFTTLKADTICVGYHANNSTDTVDTILEKNVTVTHSVNLLENSHNGKLCSLNGKIPLQLGNCNVAGWILGNPKCDLLLTANSWSYIIETSNSKNGACYPGEFADYEELKEQLSTVSSFERFEIFPKATSWPNHDTTRGTTVACSHSGANSFYRNLLWIVKKGNSYPKLSKSYTNNKGKEVLVIWGVHHPPTDSNQQTLYQNNHTYVSVGSSKYYKRFTPEIVARPKVRGQAGRMNYYWTLLDQGDTITFEATGNLIAPWHAFALKKGSSSGIMRSDAQVHNCTTKCQTPLGALKGNLPFQNVHPVTIGKCPKYVKSAQLRMATGLRNIPSIQSRGLFGAIAGFIEGGWTGMVDGWYGYHHQNEQGSGYAADQKSTQIAIDGISNKVNSVIEKMNIQFTSVGKEFNSLEKRMENLNKKIDDGFLDVWTYNAELLILLENERTLDFHDLNVKNLYEKVKSQLRNNAKEIGNGCFEFYHKCNNECMESVKNGTYNYPKYSEESKLTREEIDGVKLESMGTYQILATYSTVASSLVLLVSLGAISFWMCSNGSLQCRVCI,3.1299999999999955,62.56,68.82
A/swine/Shandong/9/2016,293-noSA-human-MHCII-0301,520.9,306.7429216787243,2,8,H1,swine,MN416649.1,5776.0,MEARLFVLFCAFTTLKADTICVGYHANNSTDTVDTILEKNVTVTHSVNLLENSHNGKLCSLNGKIPLQLGNCNVAGWILGNPKCDLLLTANSWSYIIETSNSKNGACYPGEFADYEELKEQLSTVSSFERFEIFPKATSWPNHDTTRGTTVACSHSGANSFYRNLLWIVKKGNSYPKLSKSYTNNKGKEVLVIWGVHHPPTDSNQQTLYQNNHTYVSVGSSKYYKRFTPEIVARPKVRGQAGRMNYYWTLLDQGDTITFEATGNLIAPWHAFALKKGSSSGIMRSDAQVHNCTTKCQTPLGALKGNLPFQNVHPVTIGKCPKYVKSAQLRMATGLRNIPSIQSRGLFGAIAGFIEGGWTGMVDGWYGYHHQNEQGSGYAADQKSTQIAIDGISNKVNSVIEKMNIQFTSVGKEFNSLEKRMENLNKKIDDGFLDVWTYNAELLILLENERTLDFHDLNVKNLYEKVKSQLRNNAKEIGNGCFEFYHKCNNECMESVKNGTYNYPKYSEESKLTREEIDGVKLESMGTYQILATYSTVASSLVLLVSLGAISFWMCSNGSLQCRVCI,216.89999999999998,304.0,737.8
A/swine/Shandong/9/2016,293-noSA-human-MHCII-1503,93.33,12.374368670764582,2,8,H1,swine,MN416649.1,5776.0,MEARLFVLFCAFTTLKADTICVGYHANNSTDTVDTILEKNVTVTHSVNLLENSHNGKLCSLNGKIPLQLGNCNVAGWILGNPKCDLLLTANSWSYIIETSNSKNGACYPGEFADYEELKEQLSTVSSFERFEIFPKATSWPNHDTTRGTTVACSHSGANSFYRNLLWIVKKGNSYPKLSKSYTNNKGKEVLVIWGVHHPPTDSNQQTLYQNNHTYVSVGSSKYYKRFTPEIVARPKVRGQAGRMNYYWTLLDQGDTITFEATGNLIAPWHAFALKKGSSSGIMRSDAQVHNCTTKCQTPLGALKGNLPFQNVHPVTIGKCPKYVKSAQLRMATGLRNIPSIQSRGLFGAIAGFIEGGWTGMVDGWYGYHHQNEQGSGYAADQKSTQIAIDGISNKVNSVIEKMNIQFTSVGKEFNSLEKRMENLNKKIDDGFLDVWTYNAELLILLENERTLDFHDLNVKNLYEKVKSQLRNNAKEIGNGCFEFYHKCNNECMESVKNGTYNYPKYSEESKLTREEIDGVKLESMGTYQILATYSTVASSLVLLVSLGAISFWMCSNGSLQCRVCI,8.75,84.58,102.08
A/swine/Shandong/9/2016,293-noSA-tufted-duck-MHCII,144.8,10.889444430272846,2,8,H1,swine,MN416649.1,5776.0,MEARLFVLFCAFTTLKADTICVGYHANNSTDTVDTILEKNVTVTHSVNLLENSHNGKLCSLNGKIPLQLGNCNVAGWILGNPKCDLLLTANSWSYIIETSNSKNGACYPGEFADYEELKEQLSTVSSFERFEIFPKATSWPNHDTTRGTTVACSHSGANSFYRNLLWIVKKGNSYPKLSKSYTNNKGKEVLVIWGVHHPPTDSNQQTLYQNNHTYVSVGSSKYYKRFTPEIVARPKVRGQAGRMNYYWTLLDQGDTITFEATGNLIAPWHAFALKKGSSSGIMRSDAQVHNCTTKCQTPLGALKGNLPFQNVHPVTIGKCPKYVKSAQLRMATGLRNIPSIQSRGLFGAIAGFIEGGWTGMVDGWYGYHHQNEQGSGYAADQKSTQIAIDGISNKVNSVIEKMNIQFTSVGKEFNSLEKRMENLNKKIDDGFLDVWTYNAELLILLENERTLDFHDLNVKNLYEKVKSQLRNNAKEIGNGCFEFYHKCNNECMESVKNGTYNYPKYSEESKLTREEIDGVKLESMGTYQILATYSTVASSLVLLVSLGAISFWMCSNGSLQCRVCI,7.700000000000009,137.1,152.50000000000003
bald-particle,293-SA23,80.97999999999999,3.280975464705576,2,32,bald-particle,nan,,,,2.3199999999999967,78.66,83.29999999999998
bald-particle,293-SA26,169.68,44.858854198474575,2,32,bald-particle,nan,,,,31.72,137.96,201.4
bald-particle,293-noSA,57.3,2.517300141024103,2,32,bald-particle,nan,,,,1.7799999999999956,55.52,59.07999999999999
bald-particle,293-noSA-human-MHCII-0301,99.36,6.561950929411162,2,32,bald-particle,nan,,,,4.640000000000001,94.72,104.0
bald-particle,293-noSA-human-MHCII-1503,65.03,1.4849242404917484,2,32,bald-particle,nan,,,,1.049999999999999,63.980000000000004,66.08
bald-particle,293-noSA-tufted-duck-MHCII,127.35,18.9646038714232,2,32,bald-particle,nan,,,,13.409999999999997,113.94,140.76
