ID,strain,host,subtype,Genbank,plasmid_log_no,protein_sequence
1,A/swine/Changhua/199-3/2000,swine,H1,FJ752502.1,5769,MKARLLVLLCAFAATNADTLCIGYHANNSTDTVDTVLEKNVTVTHSVNLLEDSHNGKLCRLGGIAPLQLGKCNIAGWLLGNPECDLLLTVSSWSYIVETSDSDNGTCYPGDFIDYEELREQLNSMSSFEKFEIFPKTSSWPNHETTKGVTAACPYAGASSFYRNLLWLVKKENSYPKLSKSYVNNKGKEVLVLWGVHHPPTSTDQQSLYQNADAYVSVGSSKYYRRFTPEIAARPKVRGQAGRMNYYWTLLEPGDTITFEATGNLVAPRYAFALNRGSGSGIITSNAPVHDCDTKCQTPHGAINSSLPFQNVHPVTIGECPKYVKSTKLRMVTGLRNIPSIQSRGLFGAIAGFIEGGWTGLIDGWYGYHHQNGQGSGYAADQKSTQNAIDGITNKVNSVIEKMNTQFTAVGKEFNNLERRIENLNKKVDDGFLDIWTYNAELLVLLENERTLDFHDSNVKNLYEKVRSQLRNNAKEIGNGCFEFYHKCDDACMESVRNGTYDYPKYSEESKLNREEIDGVKLESMMVYQILAIYSTVASSLVLLVSLGAISFWMCSNGSLQCRICI
2,A/swine/Guangdong/01/2008,swine,H1,CY091729.1,5770,MKAILVFLLYTFATANADTLCIGYHANNSTDTVDTVLEKNVTVTHSVNLLEDRHNGKLCKLRGVAPLHLGKCNIAGWLLGNPECELLFTASSWSYIVETSNSDNGTCYPGDFINYEELREQLSSVSSFERFEMFPKSSSWPNHETNRGVTAACPYAGANSFYRNLIWLVKKEDSYPKLSKSYINNKEKEVLVLWGIHHPPTSADQQSLYQNADAYVFVGSSKYNKKFRPEIAARPKVRGQTGRMNYYWTLVEPGDTITFEATGNLVVPRYAFAMKRGSGSGIIISDTPVHDCNTTCQTPKGAINTSLPFQNIHPVTIGECPKYVKSTNLRMATGLRNIPSIQSRGLFGAIAGFIEGGWTGMIDGWYGYHHQNEQGSGYAADRKSTQNAIDGITNKVNSVIEKMNTQFTAVGKEFNHLEKRIENLNKKVDDGLLDVWTYNAELLVLLENERTLDYHDSNVKNLYEKVRSQLKNNAKEIGNGCFEFYHKCDDTCMESVRNGTYDYPKYSEEAKLNREEIDGVKLESTRIYQILAIYSTVASSLVLLVSLGAISFWMCSNGSLQCRICI
3,A/swine/North Carolina/00396/2004,swine,H1,CY159674.1,5771,MKAILVVLLYTFTTAKADTLCIGYHANNSTDTVDTVLEKNVTVTHSVNLLENRHNGKLCKLRGVAPLHLGKCNIAGWLLGNPECESLSTASSWSYIVETSNSDNGTCYPGDFINYEELREQLSSVSSFERFEIFPKTSSWPNHDTNRGVTAACPHAGANSFYRNLIWLVKKGNSYPKISKSYINNKEKEVLVLWGIHHPSTSADQQSLYQNADAYVFVGSSRYSRKFKPEIATRPKVRDQAGRMNYYWTLVEPGDKITFEATGNLVVPRYAFALKRNSGSGIIISDTSVHDCNTTCQTPKGAINTSLPFQNIHPVTIGECPKYVKSTKLRMATGLRNIPSIQSRGLFGAIAGFIEGGWTGMIDGWYGYHHQNEQGSGYAADLKSTQNAIDGITNKVNSVIEKMNTQFTAVGKEFSHLEKRIENLNKKVDDGFLDIWTYNAELLVLLENERTLDYHDSNVKNLYEKVRNQLKNNAKEIGNGCFEFYHKCDDTCMESVKNGTYDYPKYSEEAKLNREEIDGVKLESTRIYQILAIYSTVASSLVLVVSLGAISFWMCSNGSLQCRICI
4,A/England/980/2009,human,H1,CY070311.1,5772,MKAILVVLLYTFATANADTLCIGYHANNSTDTVDTVLEKNVTVTHSVNLLEDKHNGKLCKLRGVAPLHLGKCNIAGWILGNPECESLSTASSWSYIVETSSSDNGTCYPGDFIDYEELREQLSSVSSFERFEIFPKTSSWPNHDSNKGVTAACPHAGAKSFYKNLIWLVKKGNSYPKLSKSYINDKGKEVLVLWGIHHPSTSADQQSLYQNADAYVFVGTSRYSKKFKPEIAIRPKVRDQEGRMNYYWTLVEPGDKITFEATGNLVVPRYAFAMERNAGSGIIISDTPVHDCNTTCQTPKGAINTSLPFQNIHPITIGKCPKYVKSTKLRLATGLRNVPSIQSRGLFGAIAGFIEGGWTGMVDGWYGYHHQNEQGSGYAADLKSTQNAIDEITNKVNSVIEKMNTQFTAVGKEFNHLEKRIENLNKKVDDGFLDIWTYNAELLVLLENERTLDYHDSNVKNLYEKVRSQLKNNAKEIGNGCFEFYHKCDNTCMESVKNGTYDYPKYSEEAKLNREEIDGVKLESTRIYQILAIYSTVASSLVLVVSLGAISFWMCSNGSLQCRICI
5,A/Siena/10/1989,human,H1,CY036823.1,5773,MKAKLLVLLCAFTATDADTICIGYHANNSTDTVDTVLEKNVTVTHSVNLLEDSHNGKLCRLKGIAPLQLGNCSIAGWILGNPECESLFSKESWSYIAETPNSENGTCYPGYFADYEELREQLSSVSSFERFEIFPKESSWPNHTVTKGVTAACSHNGKSSFYRNLLWLTEKNGLYPNLSKSYVNNKEKEVLVLWGVHHPSNIGDQRAIYHTENAYVSVVSSHYSRRFTPEIAKRPKVRGQEGRINYYWTLLEPGDTIIFEANGNLIAPWYAFALSRGFGSGIITSNASMDECDAKCQTPQGAINSSLPFQNVHPVTIGECPKYVRSTKLRMVTGLRNIPSVQSRGLFGAIAGFIEGGWTGMIDGWYGYHHQNEQGSGYAADQKSTQNAINGITNKVNSVIEKMNTQFTAVGKEFNKLERRMENLNKKVDDGFLDIWTYNAELLVLLENERTLDFHDSNVKNLYEKVKSQLKNNAKEIGNGCFEFYHKCNNECMESVKNGTYDYPKYSEESKLNREKIDGVKLESMGVYQILAIYSTVASSLVLLVSLGAISFWMCSNGSLQCRICI
6,A/New York/230/2003,human,H1,CY002624.1,5774,MKVKLLVLLCTFTATYADTICIGYHANNSTDTVDTVLEKNVTVTHSVNLLEDSHNGKLCLLKGIAPLQLGNCSVAGWILGNPECELLISKESWSYIVETPNPENGTCYPGYFADYEELREQLSSVSSFERFEIFPKESSWPNHTVTGVSASCSHNGKSSFYKNLLWLTGKNGLYPNLSKSYANNKEKEVLVLWGVHHPPNIGDQRALYHTENAYVSVVSSHYSRRFTPEIAKRPKVRDQEGRINYYWTLLEPGDTIIFEANGNLIAPRYAFALSRGFGSGIITSNAPMDECDAKCQTPQGAINSSLPFQNVHPVTIGECPKYVRSAKLRMVTGLRNIPSIQSRGLFGAIAGFIEGGWTGMVDGWYGYHHQNEQGSGYAADQKSTQNAINGITNKVNSVIEKMNTQFTAVGKEFNKLERRMENLNKKVDDGFLDIWTYNAELLVLLENERTLDFHDSNVKNLYEKVKSQLKNNAKEIGNGCFEFYHKCNDECMESVKNGTYDYPKYSEESKLNREKIDGVKLESMGVYQILAIYSTVASSLVLLVSLGAISFWMCSNGSLQCRICI
7,A/mallard duck/Alberta/282/1977,avian,H1,MK787452.1,5775,MEAKLFVLFCTFTVLKADTICVGYHANNSTDTVDTVLEKNVTVTHSVNLLEDSHNGKLCSLNGIAPLQLGKCNVAGWLLGNPECDLLLTANSWSYIIETSNSENGTCYPGEFIDYEELREQLSSVSSFEKFEIFPKASSWPNHETTKGVTAACPYSGASSFYRNLLWIIKKGTSYPKLSKSYTNNKGKEVLVLWGVHHPPTVDEQQSLYQNADAYVSVGSSKYNRRFTPEIAARPMVRGQAGRMNYYWTLLDQGDTITFEATGNLIAPWYAFALNKGSDSGIITSDAPVHNCDTRCQTPHGALNSSLPFQNVHPITIGECPKYVKSTKLRMATGLRNVPSIQSRGLFGAIAGFIEGGWTGMIDGWYGYHHQNEQGSGYAADQKSTQNAIDGITNKVNSVIEKMNTQFTAVGKEFNNLERRIENLNKKVDDGFLDVWTYNAELLVLLENERTLDFHDSNVRNLYEKVKSQLRNNAKELGNGCFEFYHKCDDECMESVKNGTYDYPKYSEESKLNREEIDGVKLESMGVYQILAIYSTVASSLVLLVSLGAISFWMCSNGSLQCRICI
8,A/swine/Shandong/9/2016,swine,H1,MN416649.1,5776,MEARLFVLFCAFTTLKADTICVGYHANNSTDTVDTILEKNVTVTHSVNLLENSHNGKLCSLNGKIPLQLGNCNVAGWILGNPKCDLLLTANSWSYIIETSNSKNGACYPGEFADYEELKEQLSTVSSFERFEIFPKATSWPNHDTTRGTTVACSHSGANSFYRNLLWIVKKGNSYPKLSKSYTNNKGKEVLVIWGVHHPPTDSNQQTLYQNNHTYVSVGSSKYYKRFTPEIVARPKVRGQAGRMNYYWTLLDQGDTITFEATGNLIAPWHAFALKKGSSSGIMRSDAQVHNCTTKCQTPLGALKGNLPFQNVHPVTIGKCPKYVKSAQLRMATGLRNIPSIQSRGLFGAIAGFIEGGWTGMVDGWYGYHHQNEQGSGYAADQKSTQIAIDGISNKVNSVIEKMNIQFTSVGKEFNSLEKRMENLNKKIDDGFLDVWTYNAELLILLENERTLDFHDLNVKNLYEKVKSQLRNNAKEIGNGCFEFYHKCNNECMESVKNGTYNYPKYSEESKLTREEIDGVKLESMGTYQILATYSTVASSLVLLVSLGAISFWMCSNGSLQCRVCI
9,A/New York City/2/1918,human,H1,OR133599.2,5689,MEARLLVLLCAFAATNADTICIGYHANNSTDTVDTVLEKNVTVTHSVNLLEDSHNGKLCKLKGIAPLQLGKCNIAGWLLGNPECDLLLTASSWSYIVETSNSENGTCYPGDFIDYEELREQLSSVSSFEKFEIFPKTSSWPNHETTKGVTAACSYAGASSFYRNLLWLTKKGSSYPKLSKSYVNNKGKEVLVLWGVHHPPTGTDQQSLYQNADAYVSVGSSKYNRRFTPEIAARPKVRNQAGRMNYYWTLLEPGDTITFEATGNLIAPWYAFALNRGSGSGIITSDAPVHDCNTKCQTPHGAINSSLPFQNIHPVTIGECPKYVRSTKLRMATGLRNIPSIQSRGLFGAIAGFIEGGWTGMIDGWYGYHHQNEQGSGYAADQKSTQNAIDGITNKVNSVIEKMNTQFTAVGKEFNNLERRIENLNKKVDDGFLDIWTYNAELLVLLENERTLDFHDSNVRNLYEKVKSQLKNNAKEIGNGCFEFYHKCDDACMESVRNGTYDYPKYSEESKLNREEIDGVKLESMGVYQILAIYSTVASSLVLLVSLGAISFWMCSNGSLQCRICI
10,A/swine/Iowa/15/1930,swine,H1,EU139823.1,5690,MKAILLVLLCAFAATNADTLCIGYHANNSTDTVDTVLEKNVTVTHSVNLLEDSHNGKLCRLGGIAPLQLGKCNIAGWLLGNPECDLLLTVSSWSYIVETSNSDNGTCYPGDFIDYEELREQLSSVSSFEKFEIFPKTSSWPNHETTRGVTAACPYAGASSFYRNLLWLVKKENSYPKLSKSYVNNKGKEVLVLWGVHHPPTSTDQQSLYQNADAYVSVGSSKYDRRFTPEIAARPKVRGQAGRMNYYWTLLEPGDTITFEATGNLVAPRYAFALNRGSESGIITSDAPVHDCDTKCQTPHGAINSSLPFQNIHPVTIGECPKYVKSTKLRMVTGLRNIPSIQSRGLFGAIAGFIEGGWTGLIDGWYGYHHQNGQGSGYAADQKSTQNAIDGITNKVNSVIEKMNTQFTVVGKEFNNLERRIKNLNKKVDDGFLDVWTYNAELLVLLENERTLDFHDSNVKNLYEKARSQLRNNAKEIGNGCFEFYHKCDDACMESVRNGTYDYPKYSEESKLNREEIDGVKLESMMVYQILAIYSTVASSLVLLVSLGAISFWMCSNGSLQCRICI
11,A/WSN/1933,human,H1,CY034132.1,5777,MFIPLIFLPQLLGNVLVCVLAHHFGKEFATMKAKLLVLLYAFVATDADTICIGYHANNSTDTVDTILEKNVAVTHSVNLLEDSHNGKLCKLKGIAPLQLGKCNITGWLLGNPECDSLLPARSWSYIVETPNSENGACYPGDLIDYEELREQLSSVSSLERFEIFPKESSWPNHTFNGVTVSCSHRGKSSFYRNLLWLTKKGDSYPKLTNSYVNNKGKEVLVLWGVHHPSSSDEQQSLYSNGNAYVSVASSNYNRRFTPEIAARPKVRDQHGRMNYYWTLLEPGDTIIFEATGNLIAPWYAFALSRGFESGIITSNASMHECNTKCQTPQGAINSNLPFQNIHPVTIGECPKYVRSTKLRMVTGLRNIPSIQYRGLFGAIAGFIEGGWTGMIDGWYGYHHQNEQGSGYAADQKSTQNAINGITNKVNSVIEKMNTQFTAVGKEFNNLEKRMENLNKKVDDGFLDIWTYNAELLVLLENERTLDFHDLNVKNLYEKVKSQLKNNAKEIGNGCFEFYHKCDNECMESVRNGTYDYPKYSEESKLNREKIDGVKLESMGVYQILAIYSTVASSLVLLVSLGAISFWMCSNGSLQCRICI
12,A/WSN/1933-H141Y,human,H1,NA,5778,MFIPLIFLPQLLGNVLVCVLAHHFGKEFATMKAKLLVLLYAFVATDADTICIGYHANNSTDTVDTILEKNVAVTHSVNLLEDSHNGKLCKLKGIAPLQLGKCNITGWLLGNPECDSLLPARSWSYIVETPNSENGACYPGDLIDYEELREQLSSVSSLERFEIFPKESSWPNHTFNGVTVSCSYRGKSSFYRNLLWLTKKGDSYPKLTNSYVNNKGKEVLVLWGVHHPSSSDEQQSLYSNGNAYVSVASSNYNRRFTPEIAARPKVRDQHGRMNYYWTLLEPGDTIIFEATGNLIAPWYAFALSRGFESGIITSNASMHECNTKCQTPQGAINSNLPFQNIHPVTIGECPKYVRSTKLRMVTGLRNIPSIQYRGLFGAIAGFIEGGWTGMIDGWYGYHHQNEQGSGYAADQKSTQNAINGITNKVNSVIEKMNTQFTAVGKEFNNLEKRMENLNKKVDDGFLDIWTYNAELLVLLENERTLDFHDLNVKNLYEKVKSQLKNNAKEIGNGCFEFYHKCDNECMESVRNGTYDYPKYSEESKLNREKIDGVKLESMGVYQILAIYSTVASSLVLLVSLGAISFWMCSNGSLQCRICI
13,A/Japan/305/1957,human,H2,CY014976.1,5779,MAIIYLILLFTAVRGDQICIGYHANNSTEKVDTILERNVTVTHAKDILEKTHNGKLCKLNGIPPLELGDCSIAGWLLGNPECDRLLSVPEWSYIMEKENPRDGLCYPGSFNDYEELKHLLSSVKHFEKVKILPKDRWTQHTTTGGSRACAVSGNPSFFRNMVWLTKKGSNYPVAKGSYNNTSGEQMLIIWGVHHPNDETEQRTLYQNVGTYVSVGTSTLNKRSTPEIATRPKVNGLGGRMEFSWTLLDMWDTINFESTGNLIAPEYGFKISKRGSSGIMKTEGTLENCETKCQTPLGAINTTLPFHNVHPLTIGECPKYVKSEKLVLATGLRNVPQIESRGLFGAIAGFIEGGWQGMVDGWYGYHHSNDQGSGYAADKESTQKAFDGITNKVNSVIEKMNTQFEAVGKEFSNLERRLENLNKKMEDGFLDVWTYNAELLVLMENERTLDFHDSNVKNLYDKVRMQLRDNVKELGNGCFEFYHKCDDECMNSVKNGTYDYPKYEEESKLNRNEIKGVKLSSMGVYQILAIYATVAGSLSLAIMMAGISFWMCSNGSLQCRICI
14,A/Albany/1/1959,human,H2,CY020541.1,5780,MAIIYLILLFTAVRGDQICIGYHANNSTEKVDTILERNVTVTHAKDILEKTHNGKLCKLNGIPPLELGDCSIAGWLLGNPECDRLLRVPEWSYIMEKENPRDGLCYPGSFNDYEELKHLLSSVKHFEKVKILPKDRWTQHTTTGGSRACAVSGNPSFFRNMIWLTKKGSNYPVAKGSYNNTSGEQMLIIWGVHHPNDETEQRTLYQNVGTYVSVVTSTLNKRSTPKIATRPKVNGLGGRMEFSWTLLDMWDTINFESTGNLIAPEYGFKISKRGSSGIMKTEGTLENCETKCQTPLGAINTTLPFHNVHPLTIGECPKYVKSEKLVLATGLRNVPQIESRGLFGAIAGFIEGGWQGMVDGWYGYHHSNDQGSGYAADKESTQRAFDGITNKVNSVIEKMNTQFEAVGKEFSNLERRLENLNKKMEDGLLDVWTYNAELLVLMENERILDFHDSNVKNLYDKVRMQLRDNVKELGNGCFEFYHKCDDECMNSVKNGTYDYPKYEEESKLNRNEIKGVKLSSMGVYQILAIYATVAGSLSLAIMMAGISFWMCSNGSLQCRICI
15,A/Netherlands/B1/1968,human,H2,KM402809.1,5781,MAIIYLILLFTAVRGDQICIGYHANNSTEKVDTILERNVTVTHAKDILEKTHNGKLCKLNGIPPLELGDCSIAGWLLGNPECDRLLRVPEWSYIMEKENPRYSLCYPGSFNDYEELKHLLSSVKHFEKVKILPKDGWTQHETDGGSKACAVSGKPSFFRNMVWLTKKGPNYPVAKRSYNNTSGEQMLIIWGVHHPNDEAEQRALYQNVGTYVSASTSTLNKRSTPEIAARPKVSGLGSRMEFSWTLLDVWDTISFESTGNLVAPEYGFKISKRGSSGIMKTEGTLGNCETKCQTPLGAINTTLPFHNVHPLTIGECPKYVKSEKLVLATGPRNVPQIESRGLFGAIAGFIEGGWQGMVDGWYGYHHSNDQGSGYAADKESTQKAFDRITNKVNSVIEKMNTQFEAVGKEFSNLEKRLENLNKKMEDGFLDVWTYNAELLVLMENERTLDFHDSNVKNLYDKVRMQLRDNVKELGNGCFEFYHKCDDECMNSVKNGTYDYPKYEEESKLKRNEIKGVKLSSMGVYQILAIYATVAGSLSLAIMIAGISFWMCSNGSLQCRICI
16,A/Albany/5/1958,human,H2,CY021013.1,5782,MAIIYLILLFTAVRGDQICIGYHANNSTEKVDTILERNVTVTHAKDILEKTHNGKLCKLNGIPPLELGDCSIAGWLLGNPECDRLLSVPEWSYIMEKENPRDGLCYPGSFNDYEELKHFLSSVKHFEKVKILPKDRWTQHTTTGGSRACAVSGNPSFFRNMVWLTKKGSNYPVAKGSYNNTSGEQMLIIWGVHHPNDETEQRTLYQNVGTYVSVGTSTLNKRSTPDIATRPKVNGLGGRMEFSWTLLDMWDTINFESTGNLIAPEYGFKISKRGSSGIMKTEGTLGNCETKCQTPLGAINTTLPFHNVHPLTIGECPKYVKSEKLVLATGLRNVPQIESRGLFGAIAGFIEGGWQGMVDGWYGYHHSNDQGSGYAADKESTQKAFDGITNKVNSVIEKMNTQFEAVGKEFSNLERRLENLNKKMEDGFLDVWTYNAELLVLMENERTLDFHDSNVKNLYDKVRMQLRDNAKELGNGCFEFYHKCDDECMNSVKNGTYYYPKYEEESKLNRNEIKGVKLSSMGVYQILAIYATVAGSLSLAIMMAGISFWMCSNGSLQCRICI
17,A/mallard/Alberta/77/1977,avian,H2,CY003847.1,5783,MTITFLILLFTVVKGDQICIGYHANNSTEKVDTILERNITVTHAKDILEKTHNGKLCRLSGIPPLELGDCSIAGWLLGNPECDRLLSVPEWSYIVEKENPTNGLCYPGNFNDYEELKHLLTSVTHFEKIKILPRDQWTQHTTTGGSRACAVSGNPSFFRNMVWLTKKGSNYPVAKRSYNNTSGEQMLIIWGIHHPNDDTEQRTLYQNVGTYVSVGTSTVNKRSIPEIATRPKVNGQGGRMEFSWTLLETWDVINFESTGNLIAPEYGFKISKRGSSGIMKTEKTLENCETKCQTPLGAINTTLPFHNIHPLTIGECPKYVKSDRLVLATGLRNVPQIESKGLFGAIAGFIEGGWQGMIDGWYGYHHSNDQGSGYAADKESTQKAIDGITNKVNSVIEKMNTQFEAVGKEFNNLERRLENLNKKMEDGFLDVWTYNAELLVLMENERTLDFHDSNVKNLYDKVRMQLRDNAKEIGNGCFEFYHKCDDECMNSIRNGTYDYPKYEEESKLNRNEIKGVKLSNMGVYQILAIYATVAGSLSLAIMIAGISFWMCSNGSLQCRICI
18,A/herring gull/DE/698/1988,avian,H2,CY003907.1,5784,MAIIYLILLFTAVRGDQICIGYHSNNSTEKVDTILERNVTVTHAQDILEKTHNGKLCKLNGIPPLELRDCSIAGWLLGNPECDILLTVPEWSYIIEKENPRNGLCYPGSFNDYEELKHLISSVTHFEKVKILPRNEWTQHTTTGGSQACAAYGGPSFFRNMVWLTKKGSNYPIAKRSYNNTSGEQMLIIWGIHHPNDESEQRALYQNVGTYVSVGTSTLNKRSIPEIATRPKVNGQGGRMEFSWTILDIWDTINFESTGNLIAPEYGFKISKRGSSGIMKTEGKLENCETKCQTPLGAINTTLPFHNIHPLTIGECPKYVKSERLVLATGLRNVPQIESRGLFGAIAGFIEGGWQGMVDGWYGYHHSNDQGSGYAADKESTQKAIDGITNKVNSVIEKINTQFEAVGKEFSNLERRLENLNKKMEDGFLDVWTYNAELLVLMENERTLDFHDSNVKNLYDKVRMQLRDNAKELGNGCFEFYHKCDDECMNSVKNGTYDYSKYEEESKLNRTEIKGVKLSNMGVYQILAIYATVAGSLSLAIMIAGISIWMCSNGSLQCRICI
19,A/mallard/Alberta/33/2001,avian,H2,CY117381.1,5785,MTITFLILLFTVVKGDQICIGYHANNSTEKVDTILERNVTVTHAKDILEKTHNGKLCKLSGIPPLELGDCSIAGWLLGNPECDRLLSVPEWSYIVEKENPANGLCYPGSFNDYEELKHLLTSVTHFEKVRIMPRDQWTQHTTTGGSRACAVSGNPSFFRNMVWLTKKGSNYPTAKRSYNNTSGEQMLVIWGVHHPNDDTEQRTLYQNVGTYVSVGTSTLNKRSTPEIATRPKVNGQGGRMEFSWTLLEPWDVINFESTGNLIAPEYGFKISKRGSSGIMKTEKTLENCETKCQTPLGAINTTLPFHNIHPLTIGECPKYVKSDRLVLATGLRNVPQIESRGLFGAIAGFIEGGWQGMVDGWYGYHHSNDQGSGYAADKESTQKAIDGITNKVNSVIEKMNTQFEAAGKEFNNLERRLENLNKKMEDGFLDVWTYNAELLVLMENERTLDFHDSNVKNLYDKVRMQLRDNAKEIGNGCFEFYHKCDDECMDSVRNGTYDYPKYEEESKLNRNEIKGVKLSNMGVYQILAIYATVAGSLSLAIMIAGISFWMCSNGSLQCRICI
20,A/wild duck/SH17-34/2008,avian,H2,KC899733.1,5786,MAIIYLVLLFTVVRGDQICIGYHSNNSTKKVDTILERNVTVTHAQDILEKTHNGKLCKLNGIPPLELGDCSIAGWLLGNPECDRLLTVPEWSYIMERENPRNGLCYPGSFNDYEELKHLLSSVTHFEKVKILPRDRWTQHTTTGGSRACAVFGNPSFFRNMVWLTKKGSNYPVAKGSYNNTSGEQMLVIWGVHHPNDEAEQRTLYQNVGTYVSVGTSILNKRSVPEIATRPKVNGQGGRMEFSWTILDMLDTINFESTGNLVAPEYGFKISKRGSSGIMKTEGTLENCETKCQTPLGAINTTLPFHNIHPLTIGECPKYVKSERLVLATGLRNVPQIESRGLFGAIAGFIEGGWQGMVDGWYGYHHSNDQGSGYAADKESTQKAIDGITNKVNSVIEKMNTQFEAVGKEFSNLEKRLENLNKKMEDGFLDVWTYNAELLVLMENERTLDFHDSNVKNLYDKVRMQLRDNAKELGNGCFEFYHKCDDECMNSVKNGTYDYPKYEEESKLNRNEIKGVKLNNMGVYQILAIYATVAGSLSLAIMIAGISLWMCSNGSLQCRICI
21,A/Hong Kong/1-4-MA21-1/1968,human,H3,CY080515.1,5787,MKTIIALSYIFCLALGQDLPGNDNRTATLCLGHHAVPNGTLVKTITDDQIEVTNATELVQSSSTGKICNNPHRILDGIDCTLIDALLGDPHCDVFQNETWDLFVERSKAFSNCYPYDVPDYASLRSLVASSGTLEFITEGFTWTGVTQNGGSNACKRGPGSGFFSRLNWLTKSGSTYPVLNVTMPNNDNFDKLYIWGVHHPSTNQEQTSLYVQASGRVTVSTRRSQQTIIPNIGSRPWVRGLSSRISIYWTIVKPGDVLVINSNGNLIAPRGYFKMRTGKSSIMRSDAPIDTCISECITPNGSIPNDKPFQNVNKITYGACPKYVKQNTLKLATGMRNVPEKQTRGLFGAIAGFIENGWEGMIDGWYGFRHQNSEGTGQAADLKSTQATIDQINGKLNRVIEKTNEKFHQIEKEFSEVEGRIQDLEKYVEDTKIDLWSYNAELLVALENQHTIDLTDSEMNKLFEKTRRQLRENAEDMGNGCFKIYHKCDNACIESIRNGTYDHDVYRDEALNNRFQIKGVELKSGYKDWILWISFAISCFLLCVVLLGFIMWACQRGNIRCNICI
22,A/duck/Buryatia/664-5465/1988,avian,H3,MK907683.1,5788,MKTIIALSYIFCLAFGQGLPGNDNSTATLCLGHHAVPNGTLVKTITDDQIEVTNATELVQSSSTGKICNNPHRILDGRDCTLIDALLGDPHCDVFQDETWDLFVERSSAFSNCYPYDVPDYASLRSLVASSGTLEFITEGFTWTGVTQNGGSNACKRGPASGFFSRLNWLTKSGSTYPVLNVTMPNNDNFDKLYIWGVHHPSTNQEQTNLYVQASGSVTVSTRRSQQTIIPNIGSRPWVRGQSGRISIYWTVVKPGDVLVINSNGNLIAPRGYFKMRTGKSSIMRSDAPIDTCISECITPNGSIPNDKPFQNVNKITYGACPKYVKQNTLKLATGMRNVPEKQTRGLFGAIAGFIENGWEGMIDGWYGFRHQNSEGTGQAADLKSTQAAIDQINGKLNRVIEKTNEKFHQIEKEFSEVEGRIQDLEKYVEDTKIDLWSYNAELLVALENQHTIDLTDSEMNKLFEKTKRQLRENAEDMGNGCFKIYHKCDNACIESIRNGTYDHDVYRDEALNNRFQIKGVELKSGYKDWILWISFAISCFLLCVVLLGFIMWACQRGNIRCNICI
23,A/blue-winged teal/Alberta/221/1978,avian,H3,CY185705.1,5789,MKTIIVLSYLFCLALSQNYSESNNSTATLCLGHHAVPNGTIVKTITDDQIEVTNATELVQSSSTGKICNNPHRILDGRDCTLIDALLGDPHCDVFQDETWDLYVERSSAFSNCYPYDVPDYASLRSLVASSGTLEFITEGFTWTGVTQNGGSNACKRGPASGFFSRLNWLTKSGSAYPVLNVTKPNNDNFDKLYVWGVHHPSTNQEQTNLYVQASGRVTVSTRRSQQTIIPNIGSRPWVRGQSGRISIYWTIVKPGDVLVINSNGNLIAPRGYFKMRTGKSSIMRSDAPIDTCISECITPNGSIPNDKPFQNVNKITYGACPKYVKQSTLKLATGMRNVPEKQTRGLFGAIAGFIENGWEGMIDGWYGFRHQNSEGTGQAADLKSTQAAIDQINGKLNRVIEKTNEKFHQIEKEFSEVEGRIQDLEKYVEDTKIDLWSYNAELLVALENQHTIDLTDSEMNKLFEKTRRQLRENAEDMGNGCFKIYHKCDNACIESIRNGTYDHDIYRDEALNNRFQIKGVELKSGYKDWILWISFAISCFLLCVVLLGFIMWACQRGNIRCNICI
24,A/yellow-billed pintail/Argentina/CIP112-3626/2019,avian,H3,PP502597.1,5790,MKTITALVLLAHWAYSQNPINGNDTATLCLGHHAVANGTLVKTITDDQIEVTNATELVQSISTGKICNNPHRVLDGRDCTLIDAMLGDPHCDVFQDENWDLFIERSNAFSNCYPYDVPDYASLRSLVASSGTLEFITEGFTWTGVTQNGGSSACKRGPANGFFSRLNWLTKSGSAYPTLNVTMPNNDNFDKLYIWGVHHPSTNDEQTNLYVQASGRVTVSTRRTQQTIIPNIGSRPWVRGQSGRISIYWTIVKPGDVIVINSNGNLIAPRGYFKMRTGKSSVMRSDAPIDTCVSECITPNGSIPNNKPFQNVNKITYGNCPKYVKQNTLKLATGMRNVPEKQTRGLFGAIAGFIENGWQGMVDGWYGFRHQNSEGTGQAADLKSTQAAIDQINGKLNRVIEKTNEKFHQIEKEFSEVEGRIQDLEKYVEDTKIDLWSYNAELLVALENQHTIDLTDAEMNKLFEKTRRQLRENAEDMGNGCFKIYHKCDNACIESIRNGTYDHDIYRDEALNNRFQIKGVELKSGYKDWILWISFAISCFLLCVVLLGFIMWACQRGNIRCNICI
25,A/duck/Anhui/A1809/2014,avian,H3,KP765915.1,5791,MKTVIALSYIFCLAFSQDLPGNDNSTATLCLGHHAVPNGTIVKTITDDQIEVTNATELVQSSSTGKICNNPHRVLDGRDCTLIDALLGDPHCDVLQDETWDLFVERSNAFSNCYPYDVPDYASLRSLVASSGTLEFITEGFTWTGVTQNGGSGACKRGPANGFFSRLNWLTKSGNAYPVLNVTMPNNDNFDKLYIWGVHHPSTNQEQTSLYVQASGRVTVSTRRSQQTIIPNIGSRPWVRGQSGRISIYWTIVKPGDVLVINSNGNLIAPRGYFKMRIGRSSIMRSDAPIDTCISECITPNGSIPNDKPFQNVNKITYGACPKYVKQNSLKLASGMRNVREKQTRGLFGAIAGFIENGWEGMIDGWYGLRHQNFEGTGQAADIKSTQAAIDQINGKLNRVIEKTNDKFHQMEKEFSEVEGRIQDLEKYVEDTKVDLWSYNAELLIALENQHTIDAADSEMNKLFEKTRRQLRENAEDMGNGCFKIYHKCDNACIESIRNGTYNHDIYRDEALNNRFQIKGVELKSGYKDWILWISFAISCFLLCVVLVGFIVWACQRGNFRCTICI
26,A/Netherlands/209/1980,human,H3,CY113269.1,5792,MKTIIALSYIFCLVFAQNLPGNDNSTATLCLGHHAVPNGTLVKTITNDQIEVTNATELVQSSSTGRICDSPHRILDGKNCTLVDALLGDPHCDGFQNEKWDLFVERSKAFSNCYPYDVPDYASLRSLVASSGTLEFINESFNWTGVTQSGGSYACKRGSDNSFFSRLNWLYESESKYPVLNVTMPNNGNFDKLYIWGVHHPSTDKEQTNLYVRASGRVTVSTKRSQQTIIPNIGSRPWVRGLSSRISIYWTIVKPGDILLINSNGNLIAPRGYFKIRTGKSSIMRSDAPIGTCSSECITPNGSIPNDKPFQNVNKITYGACPKYVKQNTLKLATGMRNVPEKQTRGIFGAIAGFIENGWEGMVDGWYGFRHQNSEGTGQAADLKSTQAAIDQINGKLNRVIEKTNEKFHQIEKEFSEVEGRIQDLEKYVEDTKIDLWSYNAELLVALENQHTIDLTDSEMNKLFEKTRRQLRENAEDMGNGCFKIYHKCDNACIGSIRNGTYDHDVYRDEALNNRFQIKGVELKSGYKDWILWISFAISCFLLCVVLLGFIMWACQKGNIRCNICI
27,A/New York/762/1993,human,H3,CY012160.1,5793,MKTIIALSYILCLVFAQKLPGNDNSTATLCLGHHAVPNGTLVKTITNDQIEVTNATELVQSSSTGRICDSPHRILDGKNCTLIDALLGDPHCDGFQNKEWDLFVERSKAYSNCYPYDVPDYASLRSLVASSGTLEFINEDFNWTGVAQDGKSYACKRGSVNSFFSRLNWLHKLEYKYPALNVTMPNNGKFDKLYIWGVHHPSTDSDQTSLYVRASGRVTVSTKRSQQTVIPNIGSRPWVRGLSSRISIYWTIVKPGDILLINSTGNLIAPRGYFKIRNGKSSIMRSDAPIGNCSSECITPNGSIPNDKPFQNVNRITYGACPRYVKQNTLKLATGMRNVPEKQTRGIFGAIAGFIENGWEGMVDGWYGFRHQNSEGTGQAADLKSTQAAIDQINGKLNRLIEKTNEKFHQIEKEFSEVEGRIQDLEKYVEDTKIDLWSYNAELLVALENQHTIDLTDSEMNKLFERTRKQLRENAEDMGNGCFKIYHKCDNACIGSIRNGTYDHDVYRDEALNNRFQIKGVELKSGYKDWILWISFAISCFLLCVVLLGFIMWACQKGNIRCNICI
28,A/Hong Kong/EPI1231/2025,human,H3,PX599020.1,5794,MKAIIALSNILCLVFAQKIPGNDNSTATLCLGHHAVPNGTIVKTITNDRIEVTNATELVQNSSIGKICNSPHQILDGGNCKLIDALLGDPQCDGFQNKEWDLFVERSRANSSCYPYDVPDYASLRSLVASSGTLEFKDENFNWTGVKQNGTSSACKRGSSSSFFSRLNWLTSLNNIYPAQNVTMPNKEQFDKLYIWGVHHPDTDKNQFSLFAQSSGRITVSTKRSQQAVIPNIGSRPRVRDIPSRISIYWTIVKPGDILLINSTGNLIAPRGYFKIRSGKSSIMRSDAPIGECKSECITPNGSIPNDKPFQNVNRITYGACPRYVKQSTLKLATGMRNVPEKQTRGIFGAIAGFIENGWEGMMDGWYGFRHQNSEGRGQAADLKSTQAAIDQISGKLNRLIGKTNEKFHQIEKEFSEVEGRVQDLEKYVEDTKIDLWSYNAELLVALENQHTIDLTDSEMNKLFEKTKKQLRENAEDMGNGCFKIYHKCDNACIGSIRNETYDHNVYRDEALNNRFQIKGVELKSGYKDWILWISFAMSCFLLCIALLGFIMWACQKGNIRCNICI
29,A/swine/England/87842/1990,swine,H3,CY116315.1,5795,MNAIIALSYILCLVLGQGFSRNDDNIATLCLGHHAVPNGTLVKTITNDQIEVTNATELVQSSSTGKICNNPHRILDGMDCTLVDALLGDPHCDGFQNETWDLFVERSKAFSNCYPYDVPDYASLRSLVASSGTLEFINEGFNWVGVTQNGGSSACKRGSDSSFFSRLNWLYKSGNTYPVLNVTMPNNDNFDKLYIWGIHHPSTDQEQTRLYALESGRVTVSTKRSQQTVIPNVGPRPWVRGLSSRISIYWTIVKPGDILLINSNGNLIAPRGYFKMRAGKSSIIRSDAPISTCISECITPNGSVPNDKPFQNVNKITYGACPKYIRQNTLKLATGMRNIPEKQTRGIFGAKAGFIENGWEGMIDGWYGFRHQNSEGTGQAADLKSTQTAIDQINGKLNRVIEKTNEKFHQIEKEFSEVEGRIQDLEKYVEDTKIDLWSYNAELLVALENQHTIDLTDSEMNKLFEKTRRQLRENAEDIGNGCFKIYHRCDNACIGSIRNGTYNHNVYRDEALNNRFQIKGVELKSGYKEWILWISFAMSCFMLCVVLIGFIMWACQKGNIRCNICI
30,A/equine/Argentina/E131/1994,equine,H3,KX815361.1,5796,MKTTIILILLTHWVYSQNPTSGNNTATLCLGHHAVANGTLVKTITDDQIEVTNATELVQSISIGKICNNSYRVLDGRNCTLIDAMLGDPHCDVFQYENWDLFIERSSAFSNCYPYDIPDYASLRSIVASSGTLEFTAEGFTWTGVTQNGRSGSCKRGSADSFFSRLNWLTKSGNSYPTLNVTMPNNKNFDKLYIWGIHHPSSNNEQTKLYIQESGRVTVSTKRSQQTIIPNIGSRPWVRGQSGRISIYWTIVKPGDILMINSNGNLVAPRGYFKLKTGKSSVMRSDAPIDICVSECITPNGSIPNDKPFQNVNKITYGKCPKYIRQKTLKLATGMRNVPEKQIRGIFGAIAGFIENGWEGMVDGWYGFRYQNSEGTGQAADLKSTQAAIDQINGKLNRVIERTNEKFHQIEKEFSEVEGRIQDLEKYVEDTKIDLWSYNAELLVALENQHTIDLTDAEMNKLFEKTRRQLRENAEDMGGGCFKIYHKCDNACIGSIRNGTYDHYIYRDEALNNRFQIKGVELKSGYKDWILWISFAISCFLICVVLLGFIMWACQKGNIRCNICI
31,VSV-G,cattle,VSV-G,NA,NA,NA
32,bald-particle,NA,bald-particle,NA,NA,NA