strain,cell_line,mean_RLUperuL,std_RLUperuL,count,ID,clade,protein_sequence,sem_RLUperuL,lower_bound,upper_bound
A/Beijing/01/2003,293-SA23,93.525,24.006275221283286,2,6,7,MEKIVLLLAIISLVKSDQICIGSHANNSTEQVDTIMEKNVTVTHAQDILEKTHNGKLCDLDGVKPLILRDCSVAGWLLGNPMCDEFINVPEWSYIVEKASPANDLCYPGDFNDYEELKHLLSRINHFEKIQIIPKSSWSNHEASSGVSSACPYLGRPSFFRNVVWLIKKNNTYPTIKRSYNNTNQEDLLVLWGIHHPNDEAEQIKLYQNPTTYISVGTSTLNQRLVPKIATRSKVNGQSGRMEFFWAILKPNDAINFESNGNFIAPEYAYKIVKKGDSAIMKSELEYGNCNTKCQTPMGAINSSMPFHNIHPLTIGECPKYVKSNRLVLATGLRNAPQREGRRKKRGLFGAIAGFIEGGWQGMVDGWYGYHHSNEQGSGYAADKESTQKAIDGVTNKVNSIIDKMNTQFEAIGREFNNLERRIENLNKKMEDGFLDVWTYNAELLVLMENERTLDFHDSNVKNLYEKVRLQLRDNAKGLGNGCFEFYHKCDNECMESVKNGTYDYPQYSEEATLNREEISGVKLESMGTYQILSIYSTVASSLALAIMVAGLSLWMCSNGSLQCRICI,16.974999999999998,76.55000000000001,110.5
A/Beijing/01/2003,293-noSA,135.2,9.050966799187806,2,6,7,MEKIVLLLAIISLVKSDQICIGSHANNSTEQVDTIMEKNVTVTHAQDILEKTHNGKLCDLDGVKPLILRDCSVAGWLLGNPMCDEFINVPEWSYIVEKASPANDLCYPGDFNDYEELKHLLSRINHFEKIQIIPKSSWSNHEASSGVSSACPYLGRPSFFRNVVWLIKKNNTYPTIKRSYNNTNQEDLLVLWGIHHPNDEAEQIKLYQNPTTYISVGTSTLNQRLVPKIATRSKVNGQSGRMEFFWAILKPNDAINFESNGNFIAPEYAYKIVKKGDSAIMKSELEYGNCNTKCQTPMGAINSSMPFHNIHPLTIGECPKYVKSNRLVLATGLRNAPQREGRRKKRGLFGAIAGFIEGGWQGMVDGWYGYHHSNEQGSGYAADKESTQKAIDGVTNKVNSIIDKMNTQFEAIGREFNNLERRIENLNKKMEDGFLDVWTYNAELLVLMENERTLDFHDSNVKNLYEKVRLQLRDNAKGLGNGCFEFYHKCDNECMESVKNGTYDYPQYSEEATLNREEISGVKLESMGTYQILSIYSTVASSLALAIMVAGLSLWMCSNGSLQCRICI,6.399999999999999,128.79999999999998,141.6
A/Beijing/01/2003,293-noSA-human-MHCII-0301,151.7,35.63818177180201,2,6,7,MEKIVLLLAIISLVKSDQICIGSHANNSTEQVDTIMEKNVTVTHAQDILEKTHNGKLCDLDGVKPLILRDCSVAGWLLGNPMCDEFINVPEWSYIVEKASPANDLCYPGDFNDYEELKHLLSRINHFEKIQIIPKSSWSNHEASSGVSSACPYLGRPSFFRNVVWLIKKNNTYPTIKRSYNNTNQEDLLVLWGIHHPNDEAEQIKLYQNPTTYISVGTSTLNQRLVPKIATRSKVNGQSGRMEFFWAILKPNDAINFESNGNFIAPEYAYKIVKKGDSAIMKSELEYGNCNTKCQTPMGAINSSMPFHNIHPLTIGECPKYVKSNRLVLATGLRNAPQREGRRKKRGLFGAIAGFIEGGWQGMVDGWYGYHHSNEQGSGYAADKESTQKAIDGVTNKVNSIIDKMNTQFEAIGREFNNLERRIENLNKKMEDGFLDVWTYNAELLVLMENERTLDFHDSNVKNLYEKVRLQLRDNAKGLGNGCFEFYHKCDNECMESVKNGTYDYPQYSEEATLNREEISGVKLESMGTYQILSIYSTVASSLALAIMVAGLSLWMCSNGSLQCRICI,25.20000000000001,126.49999999999997,176.9
A/Beijing/01/2003,293-noSA-human-MHCII-1503,88.52000000000001,6.024549775709377,2,6,7,MEKIVLLLAIISLVKSDQICIGSHANNSTEQVDTIMEKNVTVTHAQDILEKTHNGKLCDLDGVKPLILRDCSVAGWLLGNPMCDEFINVPEWSYIVEKASPANDLCYPGDFNDYEELKHLLSRINHFEKIQIIPKSSWSNHEASSGVSSACPYLGRPSFFRNVVWLIKKNNTYPTIKRSYNNTNQEDLLVLWGIHHPNDEAEQIKLYQNPTTYISVGTSTLNQRLVPKIATRSKVNGQSGRMEFFWAILKPNDAINFESNGNFIAPEYAYKIVKKGDSAIMKSELEYGNCNTKCQTPMGAINSSMPFHNIHPLTIGECPKYVKSNRLVLATGLRNAPQREGRRKKRGLFGAIAGFIEGGWQGMVDGWYGYHHSNEQGSGYAADKESTQKAIDGVTNKVNSIIDKMNTQFEAIGREFNNLERRIENLNKKMEDGFLDVWTYNAELLVLMENERTLDFHDSNVKNLYEKVRLQLRDNAKGLGNGCFEFYHKCDNECMESVKNGTYDYPQYSEEATLNREEISGVKLESMGTYQILSIYSTVASSLALAIMVAGLSLWMCSNGSLQCRICI,4.2599999999999945,84.26000000000002,92.78
A/Beijing/01/2003,293-noSA-tufted-duck-MHCII,89.07499999999999,15.591704525163376,2,6,7,MEKIVLLLAIISLVKSDQICIGSHANNSTEQVDTIMEKNVTVTHAQDILEKTHNGKLCDLDGVKPLILRDCSVAGWLLGNPMCDEFINVPEWSYIVEKASPANDLCYPGDFNDYEELKHLLSRINHFEKIQIIPKSSWSNHEASSGVSSACPYLGRPSFFRNVVWLIKKNNTYPTIKRSYNNTNQEDLLVLWGIHHPNDEAEQIKLYQNPTTYISVGTSTLNQRLVPKIATRSKVNGQSGRMEFFWAILKPNDAINFESNGNFIAPEYAYKIVKKGDSAIMKSELEYGNCNTKCQTPMGAINSSMPFHNIHPLTIGECPKYVKSNRLVLATGLRNAPQREGRRKKRGLFGAIAGFIEGGWQGMVDGWYGYHHSNEQGSGYAADKESTQKAIDGVTNKVNSIIDKMNTQFEAIGREFNNLERRIENLNKKMEDGFLDVWTYNAELLVLMENERTLDFHDSNVKNLYEKVRLQLRDNAKGLGNGCFEFYHKCDNECMESVKNGTYDYPQYSEEATLNREEISGVKLESMGTYQILSIYSTVASSLALAIMVAGLSLWMCSNGSLQCRICI,11.025000000000002,78.04999999999998,100.1
A/Cambodia/SVH240441/2024,293-SA23,417.4,1.4142135623730951,2,66,2.3.2.1e,MKRIVLLFATINLVKSDHICIGYHANNSTEQVDTIMEKNVTVTQAQDILEKTHNGKLCDLNGVKPLILKDCSVAGWLLGNPLCDEFINVPEWSYIVEKANPANDLCYPGNFNDYEELKHLLSRINHFEKIQIIPKNSWSDHEASLGVSAACSYQGNSSFFRNVVWLIKKNNAYPTIKKDYNNTNREDLLILWGIHHPNDEAEQTKLYQNPTTYISIGTSTLNQRLVPKIATRPKINGQSGRIDFFWTILKPNDAIHFESNGNFIAPEYAYKIVKKGDSTIMRSEAQYGNCNTRCQTPIGAINSSMPFHNIHPLTIGECPKYVKSSKLVLATGLRNSPQRERRRKRGLFGAKAGFIEGGWQGMVDGWYGYHHSNEQGSGYAADKESTQKAVDGVTNKVNSIIDKMNTQFEAVGREFNNLERRIENLNKKMEDGFLDVWTYNAELLVLMENERTLDFHDSNVKNLYDKVRLQLKDNAKELGNGCFEFYHKCNNECMESVRNGTYDYPRYSEEAKLKREEISGVKLESIGIYQILSIYSTVASSLVLAIMMAGLSLWMCSNGSLQCRICI,1.0,416.4,418.4
A/Cambodia/SVH240441/2024,293-noSA,368.5,0.14142135623734164,2,66,2.3.2.1e,MKRIVLLFATINLVKSDHICIGYHANNSTEQVDTIMEKNVTVTQAQDILEKTHNGKLCDLNGVKPLILKDCSVAGWLLGNPLCDEFINVPEWSYIVEKANPANDLCYPGNFNDYEELKHLLSRINHFEKIQIIPKNSWSDHEASLGVSAACSYQGNSSFFRNVVWLIKKNNAYPTIKKDYNNTNREDLLILWGIHHPNDEAEQTKLYQNPTTYISIGTSTLNQRLVPKIATRPKINGQSGRIDFFWTILKPNDAIHFESNGNFIAPEYAYKIVKKGDSTIMRSEAQYGNCNTRCQTPIGAINSSMPFHNIHPLTIGECPKYVKSSKLVLATGLRNSPQRERRRKRGLFGAKAGFIEGGWQGMVDGWYGYHHSNEQGSGYAADKESTQKAVDGVTNKVNSIIDKMNTQFEAVGREFNNLERRIENLNKKMEDGFLDVWTYNAELLVLMENERTLDFHDSNVKNLYDKVRLQLKDNAKELGNGCFEFYHKCNNECMESVRNGTYDYPRYSEEAKLKREEISGVKLESIGIYQILSIYSTVASSLVLAIMMAGLSLWMCSNGSLQCRICI,0.10000000000002272,368.4,368.6
A/Cambodia/SVH240441/2024,293-noSA-human-MHCII-0301,214.55,27.08218971944475,2,66,2.3.2.1e,MKRIVLLFATINLVKSDHICIGYHANNSTEQVDTIMEKNVTVTQAQDILEKTHNGKLCDLNGVKPLILKDCSVAGWLLGNPLCDEFINVPEWSYIVEKANPANDLCYPGNFNDYEELKHLLSRINHFEKIQIIPKNSWSDHEASLGVSAACSYQGNSSFFRNVVWLIKKNNAYPTIKKDYNNTNREDLLILWGIHHPNDEAEQTKLYQNPTTYISIGTSTLNQRLVPKIATRPKINGQSGRIDFFWTILKPNDAIHFESNGNFIAPEYAYKIVKKGDSTIMRSEAQYGNCNTRCQTPIGAINSSMPFHNIHPLTIGECPKYVKSSKLVLATGLRNSPQRERRRKRGLFGAKAGFIEGGWQGMVDGWYGYHHSNEQGSGYAADKESTQKAVDGVTNKVNSIIDKMNTQFEAVGREFNNLERRIENLNKKMEDGFLDVWTYNAELLVLMENERTLDFHDSNVKNLYDKVRLQLKDNAKELGNGCFEFYHKCNNECMESVRNGTYDYPRYSEEAKLKREEISGVKLESIGIYQILSIYSTVASSLVLAIMMAGLSLWMCSNGSLQCRICI,19.149999999999984,195.40000000000003,233.7
A/Cambodia/SVH240441/2024,293-noSA-human-MHCII-1503,306.25,9.40452018978105,2,66,2.3.2.1e,MKRIVLLFATINLVKSDHICIGYHANNSTEQVDTIMEKNVTVTQAQDILEKTHNGKLCDLNGVKPLILKDCSVAGWLLGNPLCDEFINVPEWSYIVEKANPANDLCYPGNFNDYEELKHLLSRINHFEKIQIIPKNSWSDHEASLGVSAACSYQGNSSFFRNVVWLIKKNNAYPTIKKDYNNTNREDLLILWGIHHPNDEAEQTKLYQNPTTYISIGTSTLNQRLVPKIATRPKINGQSGRIDFFWTILKPNDAIHFESNGNFIAPEYAYKIVKKGDSTIMRSEAQYGNCNTRCQTPIGAINSSMPFHNIHPLTIGECPKYVKSSKLVLATGLRNSPQRERRRKRGLFGAKAGFIEGGWQGMVDGWYGYHHSNEQGSGYAADKESTQKAVDGVTNKVNSIIDKMNTQFEAVGREFNNLERRIENLNKKMEDGFLDVWTYNAELLVLMENERTLDFHDSNVKNLYDKVRLQLKDNAKELGNGCFEFYHKCNNECMESVRNGTYDYPRYSEEAKLKREEISGVKLESIGIYQILSIYSTVASSLVLAIMMAGLSLWMCSNGSLQCRICI,6.649999999999976,299.6,312.9
A/Cambodia/SVH240441/2024,293-noSA-tufted-duck-MHCII,927.85,325.4812513801678,2,66,2.3.2.1e,MKRIVLLFATINLVKSDHICIGYHANNSTEQVDTIMEKNVTVTQAQDILEKTHNGKLCDLNGVKPLILKDCSVAGWLLGNPLCDEFINVPEWSYIVEKANPANDLCYPGNFNDYEELKHLLSRINHFEKIQIIPKNSWSDHEASLGVSAACSYQGNSSFFRNVVWLIKKNNAYPTIKKDYNNTNREDLLILWGIHHPNDEAEQTKLYQNPTTYISIGTSTLNQRLVPKIATRPKINGQSGRIDFFWTILKPNDAIHFESNGNFIAPEYAYKIVKKGDSTIMRSEAQYGNCNTRCQTPIGAINSSMPFHNIHPLTIGECPKYVKSSKLVLATGLRNSPQRERRRKRGLFGAKAGFIEGGWQGMVDGWYGYHHSNEQGSGYAADKESTQKAVDGVTNKVNSIIDKMNTQFEAVGREFNNLERRIENLNKKMEDGFLDVWTYNAELLVLMENERTLDFHDSNVKNLYDKVRLQLKDNAKELGNGCFEFYHKCNNECMESVRNGTYDYPRYSEEAKLKREEISGVKLESIGIYQILSIYSTVASSLVLAIMMAGLSLWMCSNGSLQCRICI,230.14999999999998,697.7,1158.0
A/bovine/Ohio/B24OSU-439/2024,293-SA23,644.0,32.10264786586932,2,69,2.3.4.4b,MENIVLLLAIVSLVKSDQICIGYHANNSTEQVDTIMEKNVTVTHAQDILEKTHNGKLCDLNGVKPLILKDCSVAGWLLGNPMCDEFIRVPEWSYIVERANPANDLCYPGSLNDYEELKHMLSRINHFEKIQIIPKSSWPNHETSLGVSAACPYQGAPSFFRNVVWLIKKNDAYPTIKISYNNTNREDLLILWGIHHSNNAEEQTNLYKNPITYISVGTSTLNQRLAPKIATRSQVNGQRGRMDFFWTILKPDDAIHFESNGNFIAPEYAYKIVKKGDSTIMKSGVEYGHCNTKCQTPVGAINSSMPFHNIHPLTIGECPKYVKSNKLVLATGLRNSPLREKRRKRGLFGAIAGFIEGGWQGMVDGWYGYHHSNEQGSGYAADKESTQKAIDGVTNKVNSIIDKMNTQFEAVGREFNNLERRIENLNKKMEDGFLDVWTYNAELLVLMENERTLDFHDSNVKNLYDKVRLQLRDNAKELGNGCFEFYHKCDNECMESVRNGTYDYPQYSEEARLKREEISGVKLESVGTYQILSIYSTAASSLALAIMMAGLSLWMCSNGSLQCRICI,22.700000000000045,621.3,666.7
A/bovine/Ohio/B24OSU-439/2024,293-noSA,508.55,45.89123009900692,2,69,2.3.4.4b,MENIVLLLAIVSLVKSDQICIGYHANNSTEQVDTIMEKNVTVTHAQDILEKTHNGKLCDLNGVKPLILKDCSVAGWLLGNPMCDEFIRVPEWSYIVERANPANDLCYPGSLNDYEELKHMLSRINHFEKIQIIPKSSWPNHETSLGVSAACPYQGAPSFFRNVVWLIKKNDAYPTIKISYNNTNREDLLILWGIHHSNNAEEQTNLYKNPITYISVGTSTLNQRLAPKIATRSQVNGQRGRMDFFWTILKPDDAIHFESNGNFIAPEYAYKIVKKGDSTIMKSGVEYGHCNTKCQTPVGAINSSMPFHNIHPLTIGECPKYVKSNKLVLATGLRNSPLREKRRKRGLFGAIAGFIEGGWQGMVDGWYGYHHSNEQGSGYAADKESTQKAIDGVTNKVNSIIDKMNTQFEAVGREFNNLERRIENLNKKMEDGFLDVWTYNAELLVLMENERTLDFHDSNVKNLYDKVRLQLRDNAKELGNGCFEFYHKCDNECMESVRNGTYDYPQYSEEARLKREEISGVKLESVGTYQILSIYSTAASSLALAIMMAGLSLWMCSNGSLQCRICI,32.44999999999999,476.1,541.0
A/bovine/Ohio/B24OSU-439/2024,293-noSA-human-MHCII-0301,267.35,18.87975105768083,2,69,2.3.4.4b,MENIVLLLAIVSLVKSDQICIGYHANNSTEQVDTIMEKNVTVTHAQDILEKTHNGKLCDLNGVKPLILKDCSVAGWLLGNPMCDEFIRVPEWSYIVERANPANDLCYPGSLNDYEELKHMLSRINHFEKIQIIPKSSWPNHETSLGVSAACPYQGAPSFFRNVVWLIKKNDAYPTIKISYNNTNREDLLILWGIHHSNNAEEQTNLYKNPITYISVGTSTLNQRLAPKIATRSQVNGQRGRMDFFWTILKPDDAIHFESNGNFIAPEYAYKIVKKGDSTIMKSGVEYGHCNTKCQTPVGAINSSMPFHNIHPLTIGECPKYVKSNKLVLATGLRNSPLREKRRKRGLFGAIAGFIEGGWQGMVDGWYGYHHSNEQGSGYAADKESTQKAIDGVTNKVNSIIDKMNTQFEAVGREFNNLERRIENLNKKMEDGFLDVWTYNAELLVLMENERTLDFHDSNVKNLYDKVRLQLRDNAKELGNGCFEFYHKCDNECMESVRNGTYDYPQYSEEARLKREEISGVKLESVGTYQILSIYSTAASSLALAIMMAGLSLWMCSNGSLQCRICI,13.350000000000009,254.0,280.70000000000005
A/bovine/Ohio/B24OSU-439/2024,293-noSA-human-MHCII-1503,456.7,46.38620484583753,2,69,2.3.4.4b,MENIVLLLAIVSLVKSDQICIGYHANNSTEQVDTIMEKNVTVTHAQDILEKTHNGKLCDLNGVKPLILKDCSVAGWLLGNPMCDEFIRVPEWSYIVERANPANDLCYPGSLNDYEELKHMLSRINHFEKIQIIPKSSWPNHETSLGVSAACPYQGAPSFFRNVVWLIKKNDAYPTIKISYNNTNREDLLILWGIHHSNNAEEQTNLYKNPITYISVGTSTLNQRLAPKIATRSQVNGQRGRMDFFWTILKPDDAIHFESNGNFIAPEYAYKIVKKGDSTIMKSGVEYGHCNTKCQTPVGAINSSMPFHNIHPLTIGECPKYVKSNKLVLATGLRNSPLREKRRKRGLFGAIAGFIEGGWQGMVDGWYGYHHSNEQGSGYAADKESTQKAIDGVTNKVNSIIDKMNTQFEAVGREFNNLERRIENLNKKMEDGFLDVWTYNAELLVLMENERTLDFHDSNVKNLYDKVRLQLRDNAKELGNGCFEFYHKCDNECMESVRNGTYDYPQYSEEARLKREEISGVKLESVGTYQILSIYSTAASSLALAIMMAGLSLWMCSNGSLQCRICI,32.80000000000001,423.9,489.5
A/bovine/Ohio/B24OSU-439/2024,293-noSA-tufted-duck-MHCII,450.75,12.940054095713787,2,69,2.3.4.4b,MENIVLLLAIVSLVKSDQICIGYHANNSTEQVDTIMEKNVTVTHAQDILEKTHNGKLCDLNGVKPLILKDCSVAGWLLGNPMCDEFIRVPEWSYIVERANPANDLCYPGSLNDYEELKHMLSRINHFEKIQIIPKSSWPNHETSLGVSAACPYQGAPSFFRNVVWLIKKNDAYPTIKISYNNTNREDLLILWGIHHSNNAEEQTNLYKNPITYISVGTSTLNQRLAPKIATRSQVNGQRGRMDFFWTILKPDDAIHFESNGNFIAPEYAYKIVKKGDSTIMKSGVEYGHCNTKCQTPVGAINSSMPFHNIHPLTIGECPKYVKSNKLVLATGLRNSPLREKRRKRGLFGAIAGFIEGGWQGMVDGWYGYHHSNEQGSGYAADKESTQKAIDGVTNKVNSIIDKMNTQFEAVGREFNNLERRIENLNKKMEDGFLDVWTYNAELLVLMENERTLDFHDSNVKNLYDKVRLQLRDNAKELGNGCFEFYHKCDNECMESVRNGTYDYPQYSEEARLKREEISGVKLESVGTYQILSIYSTAASSLALAIMMAGLSLWMCSNGSLQCRICI,9.149999999999975,441.6,459.9
A/chicken/England/053052/2021,293-SA23,367.75,8.131727983645296,2,88,2.3.4.4b,MENIVLLLAIVNLVKSDQICIGYHANNSTEQVDTIMEKNVTVTHAQDILEKTHNGKLCDLNGVKPLILKDCSVAGWLLGNPMCDEFIRVPEWSYIVERANPANDLCYPGSLNDYEELKHLLSRINHFEKILIIPKSSWPNHETSLGVSAACPYQGTPSFFRNVVWLIKKNDAYPTIKISYNNTNREDLLILWGIHHSNNAEEQTNLYKNPTTYISVGTSTLNQRLVPKIATRSQVNGQRGRMDFFWTILKPDDAIHFESNGNFIAPEYAYKIVKKGDSTIMKSGVEYGHCNTKCQTPVGAINSSMPFHNIHPLTIGECPKYVKSNKLVLATGLRNSPLREKRRKRGLFGAIAGFIEGGWQGMVDGWYGYHHSNEQGSGYAADKESTQKAIDGVTNKVNSIIDKMNTQFEAVGREFNNLERRIENLNKKMEDGFLDVWTYNAELLVLMENERTLDFHDSNVKNLYDKVRLQLRDNAKELGNGCFEFYHKCDNECMESVRNGTYDYPQYSEEARLKREEISGVKLESIGTYQILSIYSTAASSLALAIMMAGLSLWMCSNGSLQCRICI,5.75,362.0,373.5
A/chicken/England/053052/2021,293-noSA,512.95,41.507168055650254,2,88,2.3.4.4b,MENIVLLLAIVNLVKSDQICIGYHANNSTEQVDTIMEKNVTVTHAQDILEKTHNGKLCDLNGVKPLILKDCSVAGWLLGNPMCDEFIRVPEWSYIVERANPANDLCYPGSLNDYEELKHLLSRINHFEKILIIPKSSWPNHETSLGVSAACPYQGTPSFFRNVVWLIKKNDAYPTIKISYNNTNREDLLILWGIHHSNNAEEQTNLYKNPTTYISVGTSTLNQRLVPKIATRSQVNGQRGRMDFFWTILKPDDAIHFESNGNFIAPEYAYKIVKKGDSTIMKSGVEYGHCNTKCQTPVGAINSSMPFHNIHPLTIGECPKYVKSNKLVLATGLRNSPLREKRRKRGLFGAIAGFIEGGWQGMVDGWYGYHHSNEQGSGYAADKESTQKAIDGVTNKVNSIIDKMNTQFEAVGREFNNLERRIENLNKKMEDGFLDVWTYNAELLVLMENERTLDFHDSNVKNLYDKVRLQLRDNAKELGNGCFEFYHKCDNECMESVRNGTYDYPQYSEEARLKREEISGVKLESIGTYQILSIYSTAASSLALAIMMAGLSLWMCSNGSLQCRICI,29.349999999999937,483.60000000000014,542.3
A/chicken/England/053052/2021,293-noSA-human-MHCII-0301,309.5,9.33380951166246,2,88,2.3.4.4b,MENIVLLLAIVNLVKSDQICIGYHANNSTEQVDTIMEKNVTVTHAQDILEKTHNGKLCDLNGVKPLILKDCSVAGWLLGNPMCDEFIRVPEWSYIVERANPANDLCYPGSLNDYEELKHLLSRINHFEKILIIPKSSWPNHETSLGVSAACPYQGTPSFFRNVVWLIKKNDAYPTIKISYNNTNREDLLILWGIHHSNNAEEQTNLYKNPTTYISVGTSTLNQRLVPKIATRSQVNGQRGRMDFFWTILKPDDAIHFESNGNFIAPEYAYKIVKKGDSTIMKSGVEYGHCNTKCQTPVGAINSSMPFHNIHPLTIGECPKYVKSNKLVLATGLRNSPLREKRRKRGLFGAIAGFIEGGWQGMVDGWYGYHHSNEQGSGYAADKESTQKAIDGVTNKVNSIIDKMNTQFEAVGREFNNLERRIENLNKKMEDGFLDVWTYNAELLVLMENERTLDFHDSNVKNLYDKVRLQLRDNAKELGNGCFEFYHKCDNECMESVRNGTYDYPQYSEEARLKREEISGVKLESIGTYQILSIYSTAASSLALAIMMAGLSLWMCSNGSLQCRICI,6.600000000000023,302.9,316.1
A/chicken/England/053052/2021,293-noSA-human-MHCII-1503,437.5,1.5556349186104366,2,88,2.3.4.4b,MENIVLLLAIVNLVKSDQICIGYHANNSTEQVDTIMEKNVTVTHAQDILEKTHNGKLCDLNGVKPLILKDCSVAGWLLGNPMCDEFIRVPEWSYIVERANPANDLCYPGSLNDYEELKHLLSRINHFEKILIIPKSSWPNHETSLGVSAACPYQGTPSFFRNVVWLIKKNDAYPTIKISYNNTNREDLLILWGIHHSNNAEEQTNLYKNPTTYISVGTSTLNQRLVPKIATRSQVNGQRGRMDFFWTILKPDDAIHFESNGNFIAPEYAYKIVKKGDSTIMKSGVEYGHCNTKCQTPVGAINSSMPFHNIHPLTIGECPKYVKSNKLVLATGLRNSPLREKRRKRGLFGAIAGFIEGGWQGMVDGWYGYHHSNEQGSGYAADKESTQKAIDGVTNKVNSIIDKMNTQFEAVGREFNNLERRIENLNKKMEDGFLDVWTYNAELLVLMENERTLDFHDSNVKNLYDKVRLQLRDNAKELGNGCFEFYHKCDNECMESVRNGTYDYPQYSEEARLKREEISGVKLESIGTYQILSIYSTAASSLALAIMMAGLSLWMCSNGSLQCRICI,1.1000000000000225,436.4,438.6
A/chicken/England/053052/2021,293-noSA-tufted-duck-MHCII,426.95000000000005,39.10300499961607,2,88,2.3.4.4b,MENIVLLLAIVNLVKSDQICIGYHANNSTEQVDTIMEKNVTVTHAQDILEKTHNGKLCDLNGVKPLILKDCSVAGWLLGNPMCDEFIRVPEWSYIVERANPANDLCYPGSLNDYEELKHLLSRINHFEKILIIPKSSWPNHETSLGVSAACPYQGTPSFFRNVVWLIKKNDAYPTIKISYNNTNREDLLILWGIHHSNNAEEQTNLYKNPTTYISVGTSTLNQRLVPKIATRSQVNGQRGRMDFFWTILKPDDAIHFESNGNFIAPEYAYKIVKKGDSTIMKSGVEYGHCNTKCQTPVGAINSSMPFHNIHPLTIGECPKYVKSNKLVLATGLRNSPLREKRRKRGLFGAIAGFIEGGWQGMVDGWYGYHHSNEQGSGYAADKESTQKAIDGVTNKVNSIIDKMNTQFEAVGREFNNLERRIENLNKKMEDGFLDVWTYNAELLVLMENERTLDFHDSNVKNLYDKVRLQLRDNAKELGNGCFEFYHKCDNECMESVRNGTYDYPQYSEEARLKREEISGVKLESIGTYQILSIYSTAASSLALAIMMAGLSLWMCSNGSLQCRICI,27.64999999999999,399.30000000000007,454.6
A/duck/Hunan/70/2004,293-SA23,70.17500000000001,3.2597622612699886,2,10,2.3.1,MEKIVLLLAIVSLVKSDQICIGYHANNSTEQVDTIMEKNVTVTHAQDILEKTHNGKLCDLDGVKPLILRDCSVAGWLLGNPMCDEFINVPEWSYIVEKANPANDLCYPGNFNDYEELKHLLSRINHFEKIQIIPKSSWSDHEASSGVSSACPYQGNSSFFRNVVWLIKKNNAYPTIKRSYNNTNQEDLLVLWGIHHSNDAAEQTRLYQNPTTYISVGTSTLNQRLVPKIATKSKVNGQSGRMDFFWTILKPNDAINFESNGNFIAPEYAYKIVKKGDSAIMKSEVEYGNCNTKCQTPMGAINSSMPFHNIHPLTIGECPKYVKSNKLVLATGLRNSPQRERRRKRGLFGAIASFIKGGWQGMVDGWYGYHHSNEQGSGYAADKESTQKAIDGVTNKVNSIIDKMNTQFEAVGREFNNLERRIENLNKKMEDGFLDVWTYNAELLVLMENERTLDFHDSNVKNLYDKVRLQLRDNAKELGNGCFEFYHKCDNECMESVRNGTYDYPQYSEEARLKREEISGVKLESIGTYQILSIYSTVASSLALAIMVAGLSLWMCSNGSLQCRICI,2.305000000000003,67.87,72.48000000000002
A/duck/Hunan/70/2004,293-noSA,114.25,9.263098833543769,2,10,2.3.1,MEKIVLLLAIVSLVKSDQICIGYHANNSTEQVDTIMEKNVTVTHAQDILEKTHNGKLCDLDGVKPLILRDCSVAGWLLGNPMCDEFINVPEWSYIVEKANPANDLCYPGNFNDYEELKHLLSRINHFEKIQIIPKSSWSDHEASSGVSSACPYQGNSSFFRNVVWLIKKNNAYPTIKRSYNNTNQEDLLVLWGIHHSNDAAEQTRLYQNPTTYISVGTSTLNQRLVPKIATKSKVNGQSGRMDFFWTILKPNDAINFESNGNFIAPEYAYKIVKKGDSAIMKSEVEYGNCNTKCQTPMGAINSSMPFHNIHPLTIGECPKYVKSNKLVLATGLRNSPQRERRRKRGLFGAIASFIKGGWQGMVDGWYGYHHSNEQGSGYAADKESTQKAIDGVTNKVNSIIDKMNTQFEAVGREFNNLERRIENLNKKMEDGFLDVWTYNAELLVLMENERTLDFHDSNVKNLYDKVRLQLRDNAKELGNGCFEFYHKCDNECMESVRNGTYDYPQYSEEARLKREEISGVKLESIGTYQILSIYSTVASSLALAIMVAGLSLWMCSNGSLQCRICI,6.549999999999996,107.7,120.8
A/duck/Hunan/70/2004,293-noSA-human-MHCII-0301,106.89500000000001,18.816111447374034,2,10,2.3.1,MEKIVLLLAIVSLVKSDQICIGYHANNSTEQVDTIMEKNVTVTHAQDILEKTHNGKLCDLDGVKPLILRDCSVAGWLLGNPMCDEFINVPEWSYIVEKANPANDLCYPGNFNDYEELKHLLSRINHFEKIQIIPKSSWSDHEASSGVSSACPYQGNSSFFRNVVWLIKKNNAYPTIKRSYNNTNQEDLLVLWGIHHSNDAAEQTRLYQNPTTYISVGTSTLNQRLVPKIATKSKVNGQSGRMDFFWTILKPNDAINFESNGNFIAPEYAYKIVKKGDSAIMKSEVEYGNCNTKCQTPMGAINSSMPFHNIHPLTIGECPKYVKSNKLVLATGLRNSPQRERRRKRGLFGAIASFIKGGWQGMVDGWYGYHHSNEQGSGYAADKESTQKAIDGVTNKVNSIIDKMNTQFEAVGREFNNLERRIENLNKKMEDGFLDVWTYNAELLVLMENERTLDFHDSNVKNLYDKVRLQLRDNAKELGNGCFEFYHKCDNECMESVRNGTYDYPQYSEEARLKREEISGVKLESIGTYQILSIYSTVASSLALAIMVAGLSLWMCSNGSLQCRICI,13.305000000000001,93.59,120.20000000000002
A/duck/Hunan/70/2004,293-noSA-human-MHCII-1503,85.72,5.091168824543134,2,10,2.3.1,MEKIVLLLAIVSLVKSDQICIGYHANNSTEQVDTIMEKNVTVTHAQDILEKTHNGKLCDLDGVKPLILRDCSVAGWLLGNPMCDEFINVPEWSYIVEKANPANDLCYPGNFNDYEELKHLLSRINHFEKIQIIPKSSWSDHEASSGVSSACPYQGNSSFFRNVVWLIKKNNAYPTIKRSYNNTNQEDLLVLWGIHHSNDAAEQTRLYQNPTTYISVGTSTLNQRLVPKIATKSKVNGQSGRMDFFWTILKPNDAINFESNGNFIAPEYAYKIVKKGDSAIMKSEVEYGNCNTKCQTPMGAINSSMPFHNIHPLTIGECPKYVKSNKLVLATGLRNSPQRERRRKRGLFGAIASFIKGGWQGMVDGWYGYHHSNEQGSGYAADKESTQKAIDGVTNKVNSIIDKMNTQFEAVGREFNNLERRIENLNKKMEDGFLDVWTYNAELLVLMENERTLDFHDSNVKNLYDKVRLQLRDNAKELGNGCFEFYHKCDNECMESVRNGTYDYPQYSEEARLKREEISGVKLESIGTYQILSIYSTVASSLALAIMVAGLSLWMCSNGSLQCRICI,3.599999999999994,82.12,89.32
A/duck/Hunan/70/2004,293-noSA-tufted-duck-MHCII,101.445,5.310371926710971,2,10,2.3.1,MEKIVLLLAIVSLVKSDQICIGYHANNSTEQVDTIMEKNVTVTHAQDILEKTHNGKLCDLDGVKPLILRDCSVAGWLLGNPMCDEFINVPEWSYIVEKANPANDLCYPGNFNDYEELKHLLSRINHFEKIQIIPKSSWSDHEASSGVSSACPYQGNSSFFRNVVWLIKKNNAYPTIKRSYNNTNQEDLLVLWGIHHSNDAAEQTRLYQNPTTYISVGTSTLNQRLVPKIATKSKVNGQSGRMDFFWTILKPNDAINFESNGNFIAPEYAYKIVKKGDSAIMKSEVEYGNCNTKCQTPMGAINSSMPFHNIHPLTIGECPKYVKSNKLVLATGLRNSPQRERRRKRGLFGAIASFIKGGWQGMVDGWYGYHHSNEQGSGYAADKESTQKAIDGVTNKVNSIIDKMNTQFEAVGREFNNLERRIENLNKKMEDGFLDVWTYNAELLVLMENERTLDFHDSNVKNLYDKVRLQLRDNAKELGNGCFEFYHKCDNECMESVRNGTYDYPQYSEEARLKREEISGVKLESIGTYQILSIYSTVASSLALAIMVAGLSLWMCSNGSLQCRICI,3.754999999999999,97.69,105.19999999999999
A/duck/Vietnam/NCVD-1494/2012,293-SA23,580.35,13.222896808188471,2,72,2.3.2.1a,MEKIVLLFATISLVKSDHICIGYHANNSTEQVDTIMEKNVTVTHAQDILEKTHNGKLCDLNGVKPLILKDCSVAGWLLGNPMCDEFINVPEWSYIVEKANPANDLCYPGNFNDYEELKHLLSRINHFEKIQIIPKDSWSDHEASLGVSAACPHQGNSSFFRNVVWLIKKDNAYPTIKKGYNNTNQEDLLVLWGIHHPNNEAEQTKLYQNPTTYISIGTSTLNQRLVPKIATRSKINGQSGRIDFFWTILKPNDAIHFESNGNFIAPEYAYKIVKKGDSTIMKSEVEYGNCNTRCQTPIGAINSSMPFHNIHPLTIGECPKYVKSNKLVLATGLRNSPQRERRRKRGLFGAIAGFIEGGWQGMVDGWYGYHHSNEQGSGYAADKESTQKAIDGVTNKVNSIIDKMNTQFEAVGREFNNLERRIENLNKKMEDGFLDVWTYNAELLVLMENERTLDFHDSNVRNLYDKVRLQLKDNAKELGNGCFEFYHKCNNECMESVRNGTYDYPQYSEEARLKREEISGVKLESIGIYQILSIYSTVASSLVLAIMMAGLSLWMCSNGSLQCRICI,9.350000000000023,571.0,589.7
A/duck/Vietnam/NCVD-1494/2012,293-noSA,561.05,22.55670631985081,2,72,2.3.2.1a,MEKIVLLFATISLVKSDHICIGYHANNSTEQVDTIMEKNVTVTHAQDILEKTHNGKLCDLNGVKPLILKDCSVAGWLLGNPMCDEFINVPEWSYIVEKANPANDLCYPGNFNDYEELKHLLSRINHFEKIQIIPKDSWSDHEASLGVSAACPHQGNSSFFRNVVWLIKKDNAYPTIKKGYNNTNQEDLLVLWGIHHPNNEAEQTKLYQNPTTYISIGTSTLNQRLVPKIATRSKINGQSGRIDFFWTILKPNDAIHFESNGNFIAPEYAYKIVKKGDSTIMKSEVEYGNCNTRCQTPIGAINSSMPFHNIHPLTIGECPKYVKSNKLVLATGLRNSPQRERRRKRGLFGAIAGFIEGGWQGMVDGWYGYHHSNEQGSGYAADKESTQKAIDGVTNKVNSIIDKMNTQFEAVGREFNNLERRIENLNKKMEDGFLDVWTYNAELLVLMENERTLDFHDSNVRNLYDKVRLQLKDNAKELGNGCFEFYHKCNNECMESVRNGTYDYPQYSEEARLKREEISGVKLESIGIYQILSIYSTVASSLVLAIMMAGLSLWMCSNGSLQCRICI,15.94999999999996,545.1,576.9999999999999
A/duck/Vietnam/NCVD-1494/2012,293-noSA-human-MHCII-0301,280.35,13.788582233137676,2,72,2.3.2.1a,MEKIVLLFATISLVKSDHICIGYHANNSTEQVDTIMEKNVTVTHAQDILEKTHNGKLCDLNGVKPLILKDCSVAGWLLGNPMCDEFINVPEWSYIVEKANPANDLCYPGNFNDYEELKHLLSRINHFEKIQIIPKDSWSDHEASLGVSAACPHQGNSSFFRNVVWLIKKDNAYPTIKKGYNNTNQEDLLVLWGIHHPNNEAEQTKLYQNPTTYISIGTSTLNQRLVPKIATRSKINGQSGRIDFFWTILKPNDAIHFESNGNFIAPEYAYKIVKKGDSTIMKSEVEYGNCNTRCQTPIGAINSSMPFHNIHPLTIGECPKYVKSNKLVLATGLRNSPQRERRRKRGLFGAIAGFIEGGWQGMVDGWYGYHHSNEQGSGYAADKESTQKAIDGVTNKVNSIIDKMNTQFEAVGREFNNLERRIENLNKKMEDGFLDVWTYNAELLVLMENERTLDFHDSNVRNLYDKVRLQLKDNAKELGNGCFEFYHKCNNECMESVRNGTYDYPQYSEEARLKREEISGVKLESIGIYQILSIYSTVASSLVLAIMMAGLSLWMCSNGSLQCRICI,9.749999999999998,270.6,290.1
A/duck/Vietnam/NCVD-1494/2012,293-noSA-human-MHCII-1503,459.75,43.91133111168462,2,72,2.3.2.1a,MEKIVLLFATISLVKSDHICIGYHANNSTEQVDTIMEKNVTVTHAQDILEKTHNGKLCDLNGVKPLILKDCSVAGWLLGNPMCDEFINVPEWSYIVEKANPANDLCYPGNFNDYEELKHLLSRINHFEKIQIIPKDSWSDHEASLGVSAACPHQGNSSFFRNVVWLIKKDNAYPTIKKGYNNTNQEDLLVLWGIHHPNNEAEQTKLYQNPTTYISIGTSTLNQRLVPKIATRSKINGQSGRIDFFWTILKPNDAIHFESNGNFIAPEYAYKIVKKGDSTIMKSEVEYGNCNTRCQTPIGAINSSMPFHNIHPLTIGECPKYVKSNKLVLATGLRNSPQRERRRKRGLFGAIAGFIEGGWQGMVDGWYGYHHSNEQGSGYAADKESTQKAIDGVTNKVNSIIDKMNTQFEAVGREFNNLERRIENLNKKMEDGFLDVWTYNAELLVLMENERTLDFHDSNVRNLYDKVRLQLKDNAKELGNGCFEFYHKCNNECMESVRNGTYDYPQYSEEARLKREEISGVKLESIGIYQILSIYSTVASSLVLAIMMAGLSLWMCSNGSLQCRICI,31.050000000000008,428.7,490.8
A/duck/Vietnam/NCVD-1494/2012,293-noSA-tufted-duck-MHCII,850.55,335.80501038549136,2,72,2.3.2.1a,MEKIVLLFATISLVKSDHICIGYHANNSTEQVDTIMEKNVTVTHAQDILEKTHNGKLCDLNGVKPLILKDCSVAGWLLGNPMCDEFINVPEWSYIVEKANPANDLCYPGNFNDYEELKHLLSRINHFEKIQIIPKDSWSDHEASLGVSAACPHQGNSSFFRNVVWLIKKDNAYPTIKKGYNNTNQEDLLVLWGIHHPNNEAEQTKLYQNPTTYISIGTSTLNQRLVPKIATRSKINGQSGRIDFFWTILKPNDAIHFESNGNFIAPEYAYKIVKKGDSTIMKSEVEYGNCNTRCQTPIGAINSSMPFHNIHPLTIGECPKYVKSNKLVLATGLRNSPQRERRRKRGLFGAIAGFIEGGWQGMVDGWYGYHHSNEQGSGYAADKESTQKAIDGVTNKVNSIIDKMNTQFEAVGREFNNLERRIENLNKKMEDGFLDVWTYNAELLVLMENERTLDFHDSNVRNLYDKVRLQLKDNAKELGNGCFEFYHKCNNECMESVRNGTYDYPQYSEEARLKREEISGVKLESIGIYQILSIYSTVASSLVLAIMMAGLSLWMCSNGSLQCRICI,237.44999999999993,613.1,1088.0
A/mandarin duck/Korea/H71/2017,293-SA23,235.05,53.10371926710974,2,77,2.3.4.4b,MENIVLLLAIVSLVKSDQICIGYHANNSTEQVDTIMEKNVTVTHAQDILEKTHNGKLCDLNGVKPLILKDCSVAGWLLGNPMCDEFIRVPEWSYIVERDNPANDLCYPGSLNDYEELKHLLSRINHFEKILIIPKSSWPNHETSLGVSTACPYQGAPSFFRNVVWLIKKNDAYPTIKISYNNTNREDLLILWGIHHSNNAEEQTNLYKNPTTYISVGTSTLNQRLVPKIATRSQVNGQRGRMDFFWTILKPNDAIHFESNGIFIAPEYAYKIVKKGDSTIMKSGVEYGHCNTKCQTPVGAINSSMPFHNIHPLTIGECPKYVKSNKLVLATGLRNSPLREKRRKRGLFGAIAGFIEGGWQGMVDGWYGYHHSNEQGSGYAADKESTQKAIDGVTNKVNSIIDKMNTQFEAVGREFNNLERRIENLNKKMEDGFLDVWTYNAELLVLMENERTLDFHDSNVKNLYDKVRLQLRDNAKELGNGCFEFYHKCDNECMESVRNGTYDYPQYSEEARLKREEISGVKLESIGTYQILSIYSTVASSLALAIMVAGLSLWMCSNGSLQCRICI,37.55000000000001,197.5,272.6
A/mandarin duck/Korea/H71/2017,293-noSA,197.15,19.304015126392756,2,77,2.3.4.4b,MENIVLLLAIVSLVKSDQICIGYHANNSTEQVDTIMEKNVTVTHAQDILEKTHNGKLCDLNGVKPLILKDCSVAGWLLGNPMCDEFIRVPEWSYIVERDNPANDLCYPGSLNDYEELKHLLSRINHFEKILIIPKSSWPNHETSLGVSTACPYQGAPSFFRNVVWLIKKNDAYPTIKISYNNTNREDLLILWGIHHSNNAEEQTNLYKNPTTYISVGTSTLNQRLVPKIATRSQVNGQRGRMDFFWTILKPNDAIHFESNGIFIAPEYAYKIVKKGDSTIMKSGVEYGHCNTKCQTPVGAINSSMPFHNIHPLTIGECPKYVKSNKLVLATGLRNSPLREKRRKRGLFGAIAGFIEGGWQGMVDGWYGYHHSNEQGSGYAADKESTQKAIDGVTNKVNSIIDKMNTQFEAVGREFNNLERRIENLNKKMEDGFLDVWTYNAELLVLMENERTLDFHDSNVKNLYDKVRLQLRDNAKELGNGCFEFYHKCDNECMESVRNGTYDYPQYSEEARLKREEISGVKLESIGTYQILSIYSTVASSLALAIMVAGLSLWMCSNGSLQCRICI,13.650000000000006,183.5,210.8
A/mandarin duck/Korea/H71/2017,293-noSA-human-MHCII-0301,103.28999999999999,14.863384540541231,2,77,2.3.4.4b,MENIVLLLAIVSLVKSDQICIGYHANNSTEQVDTIMEKNVTVTHAQDILEKTHNGKLCDLNGVKPLILKDCSVAGWLLGNPMCDEFIRVPEWSYIVERDNPANDLCYPGSLNDYEELKHLLSRINHFEKILIIPKSSWPNHETSLGVSTACPYQGAPSFFRNVVWLIKKNDAYPTIKISYNNTNREDLLILWGIHHSNNAEEQTNLYKNPTTYISVGTSTLNQRLVPKIATRSQVNGQRGRMDFFWTILKPNDAIHFESNGIFIAPEYAYKIVKKGDSTIMKSGVEYGHCNTKCQTPVGAINSSMPFHNIHPLTIGECPKYVKSNKLVLATGLRNSPLREKRRKRGLFGAIAGFIEGGWQGMVDGWYGYHHSNEQGSGYAADKESTQKAIDGVTNKVNSIIDKMNTQFEAVGREFNNLERRIENLNKKMEDGFLDVWTYNAELLVLMENERTLDFHDSNVKNLYDKVRLQLRDNAKELGNGCFEFYHKCDNECMESVRNGTYDYPQYSEEARLKREEISGVKLESIGTYQILSIYSTVASSLALAIMVAGLSLWMCSNGSLQCRICI,10.510000000000002,92.77999999999999,113.8
A/mandarin duck/Korea/H71/2017,293-noSA-human-MHCII-1503,164.15,17.465537495307718,2,77,2.3.4.4b,MENIVLLLAIVSLVKSDQICIGYHANNSTEQVDTIMEKNVTVTHAQDILEKTHNGKLCDLNGVKPLILKDCSVAGWLLGNPMCDEFIRVPEWSYIVERDNPANDLCYPGSLNDYEELKHLLSRINHFEKILIIPKSSWPNHETSLGVSTACPYQGAPSFFRNVVWLIKKNDAYPTIKISYNNTNREDLLILWGIHHSNNAEEQTNLYKNPTTYISVGTSTLNQRLVPKIATRSQVNGQRGRMDFFWTILKPNDAIHFESNGIFIAPEYAYKIVKKGDSTIMKSGVEYGHCNTKCQTPVGAINSSMPFHNIHPLTIGECPKYVKSNKLVLATGLRNSPLREKRRKRGLFGAIAGFIEGGWQGMVDGWYGYHHSNEQGSGYAADKESTQKAIDGVTNKVNSIIDKMNTQFEAVGREFNNLERRIENLNKKMEDGFLDVWTYNAELLVLMENERTLDFHDSNVKNLYDKVRLQLRDNAKELGNGCFEFYHKCDNECMESVRNGTYDYPQYSEEARLKREEISGVKLESIGTYQILSIYSTVASSLALAIMVAGLSLWMCSNGSLQCRICI,12.349999999999994,151.8,176.5
A/mandarin duck/Korea/H71/2017,293-noSA-tufted-duck-MHCII,319.9,133.07749621930822,2,77,2.3.4.4b,MENIVLLLAIVSLVKSDQICIGYHANNSTEQVDTIMEKNVTVTHAQDILEKTHNGKLCDLNGVKPLILKDCSVAGWLLGNPMCDEFIRVPEWSYIVERDNPANDLCYPGSLNDYEELKHLLSRINHFEKILIIPKSSWPNHETSLGVSTACPYQGAPSFFRNVVWLIKKNDAYPTIKISYNNTNREDLLILWGIHHSNNAEEQTNLYKNPTTYISVGTSTLNQRLVPKIATRSQVNGQRGRMDFFWTILKPNDAIHFESNGIFIAPEYAYKIVKKGDSTIMKSGVEYGHCNTKCQTPVGAINSSMPFHNIHPLTIGECPKYVKSNKLVLATGLRNSPLREKRRKRGLFGAIAGFIEGGWQGMVDGWYGYHHSNEQGSGYAADKESTQKAIDGVTNKVNSIIDKMNTQFEAVGREFNNLERRIENLNKKMEDGFLDVWTYNAELLVLMENERTLDFHDSNVKNLYDKVRLQLRDNAKELGNGCFEFYHKCDNECMESVRNGTYDYPQYSEEARLKREEISGVKLESIGTYQILSIYSTVASSLALAIMVAGLSLWMCSNGSLQCRICI,94.09999999999998,225.8,413.99999999999994
